Date,Open,High,Low,Close,Adj Close,Volume
10/12/2015,832,839.950012,815,823.400024,815.866699,76889
10/13/2015,811.599976,838,811.599976,829.950012,822.356812,88390
10/14/2015,834.950012,842,827.150024,838.299988,830.630249,62646
10/15/2015,841.650024,851.950012,837.400024,849.200012,841.430603,57628
10/16/2015,851,875,850.25,853,845.195801,516982
10/19/2015,857,861,851.099976,854.5,846.682068,118136
10/20/2015,862,862,841.5,852.75,844.94812,92779
10/21/2015,854.049988,855.5,846,849.299988,841.529663,65237
10/23/2015,856,860,807.5,821.799988,814.28125,140051
10/26/2015,840,840,820,824.299988,816.758423,78045
10/27/2015,827.799988,835,825,830.450012,822.852112,75330
10/28/2015,834.849976,838.799988,822.599976,831.900024,824.288879,47214
10/29/2015,839.700012,846,834,843.75,836.030457,92074
10/30/2015,849,849.799988,816.599976,828.450012,820.870422,75988
11/2/2015,822.5,869.049988,822.5,860.400024,852.528198,224698
11/3/2015,868,887.900024,834.200012,842.950012,835.237732,1045538
11/4/2015,852.700012,869.900024,838.099976,845.299988,837.566223,171758
11/5/2015,845.299988,849.849976,818,821.75,814.231812,58699
11/6/2015,815.049988,829.349976,782,815.099976,807.642578,185205
11/9/2015,807,817.799988,780.099976,798.450012,791.144897,83109
11/10/2015,799,819.349976,797.099976,802.150024,794.811096,74683
11/13/2015,809.75,812.450012,793,796.400024,789.113708,103651
11/16/2015,798.900024,809.799988,797,804.950012,797.585449,70016
11/17/2015,805,815,798.450012,804.5,797.139587,49966
11/18/2015,804.950012,809.950012,785,795.099976,787.825439,45775
11/19/2015,800,815.700012,800,813.799988,806.354492,79353
11/20/2015,810.799988,831,805,827.5,819.929077,64155
11/23/2015,825,835.5,818.25,826.450012,818.888733,28754
11/24/2015,819.099976,835.150024,819,832.099976,824.487,27565
11/26/2015,835,842,820,835.150024,827.509277,45865
11/27/2015,841,856,836.200012,849.5,841.727844,86138
11/30/2015,856,865,831.099976,836,828.351379,106715
12/1/2015,841,848,840,844.650024,836.92218,33926
12/2/2015,850,850,822.650024,847.099976,839.349731,105611
12/3/2015,839.950012,839.950012,822.5,826.25,818.690613,62631
12/4/2015,824,824,805,806.799988,799.418457,85680
12/7/2015,814.799988,821.799988,801,803.700012,796.346985,41008
12/8/2015,800.049988,811,795.5,798.299988,790.996216,65300
12/9/2015,807.900024,807.900024,775,780.599976,773.458252,172656
12/10/2015,788,788,741.099976,751.5,744.624451,239072
12/11/2015,754.400024,796,754.400024,789.950012,782.722656,269031
12/14/2015,785.049988,785.900024,758.599976,776.650024,769.544312,154126
12/15/2015,785,790.700012,772.900024,785.5,778.313354,43749
12/16/2015,791,815,786.099976,811.950012,804.521484,93195
12/17/2015,821,821,805.650024,809.549988,802.143372,123444
12/18/2015,814,823.549988,812,818.799988,811.308777,167736
12/21/2015,824,825,814.5,817.700012,810.21875,59138
12/22/2015,827.25,830,814.299988,816.900024,809.426147,134363
12/23/2015,817,822.450012,783.5,794.5,787.231079,132065
12/24/2015,796,805,790.400024,797,789.708191,95184
12/28/2015,798,804.799988,795,797.099976,789.807251,46460
12/29/2015,801,814.5,787.900024,811.849976,804.422241,133904
12/30/2015,812.799988,812.799988,797.049988,805.450012,798.080872,38893
12/31/2015,807.900024,810.549988,797.099976,801.75,794.414734,74618
1/1/2016,797.549988,809.950012,792,794.950012,787.676941,36434
1/4/2016,800,808,794.799988,806.75,799.369019,69544
1/5/2016,808,829,798.099976,824.150024,816.609802,108926
1/6/2016,828,828,810,817.150024,809.673828,49895
1/7/2016,802.049988,810.599976,792.349976,795.950012,788.667786,74486
1/8/2016,803.950012,806,779,793.150024,785.893433,76230
1/11/2016,788.950012,791.150024,781.099976,788.549988,781.33551,17550
1/12/2016,791.099976,796.549988,768,771.5,764.441467,40752
1/13/2016,772.049988,783,750,768.200012,761.171692,62721
1/14/2016,760.099976,781.799988,741.599976,779.75,772.615967,134044
1/15/2016,787.5,803,775,789.450012,782.227234,281416
1/18/2016,775,798.5,757.200012,781,773.854553,42226
1/19/2016,780,797.049988,757,764.950012,757.951477,71327
1/20/2016,759.900024,763.849976,744,749.25,742.395081,68659
1/21/2016,754,759,726,732.5,725.798218,136614
1/22/2016,739.849976,743.349976,727.200012,732.349976,725.649658,100036
1/25/2016,736.200012,770,736.200012,759.549988,752.60083,98126
1/27/2016,771,771,728.799988,739.799988,733.031433,120881
1/28/2016,742.950012,742.950012,732.400024,736.75,730.009338,79893
1/29/2016,746,779.450012,720,753.75,746.853882,441267
2/1/2016,761.299988,789,736.75,772.5,765.432373,109887
2/2/2016,779,780,761,766.349976,759.338501,71180
2/3/2016,747.75,764.599976,747.75,756.75,749.826416,53160
2/4/2016,758,765.549988,735.549988,742.5,735.706848,63808
2/5/2016,736.099976,753.150024,735,738.5,731.743347,18025
2/8/2016,739.299988,760.950012,739.299988,750.400024,743.534485,47409
2/9/2016,751,761.150024,736,756.400024,749.479675,21662
2/10/2016,755.799988,755.799988,719,729.5,722.825745,55479
2/11/2016,734,737.049988,695,710.049988,703.553711,120563
2/12/2016,710.049988,713,652.25,703.049988,696.617737,75070
2/15/2016,706,738.799988,703.049988,715.700012,709.151978,132357
2/16/2016,740,748,720,733.450012,726.739624,59890
2/17/2016,737.950012,740.400024,709,734.75,728.027649,56093
2/18/2016,727.400024,736.799988,723.5,728.900024,722.231262,47425
2/19/2016,721.599976,740,711.450012,736.049988,729.315857,320721
2/22/2016,737.900024,738,717.099976,720,713.412659,27604
2/23/2016,727,727,679.25,682.900024,676.6521,355173
2/24/2016,685,688,660.849976,668.200012,662.086609,74052
2/25/2016,678.799988,678.799988,645.25,652.599976,646.629395,37881
2/26/2016,660.599976,689.049988,657,681.900024,675.661194,158862
2/29/2016,675,704,662.049988,700.549988,694.140686,77963
3/1/2016,720,720,694.799988,703,696.568237,141331
3/2/2016,707.200012,722,701.099976,707.5,701.026978,31847
3/3/2016,709.950012,715,705.049988,712.900024,706.377686,36271
3/4/2016,706,718.299988,705,706.200012,699.738831,166500
3/8/2016,711,716.799988,706,709.75,703.256409,65139
3/9/2016,709,716,703.599976,714.400024,707.863892,31417
3/10/2016,718.150024,758.400024,715.349976,746.049988,739.224304,197962
3/11/2016,747.599976,747.599976,731.599976,734.5,727.780029,37789
3/14/2016,721,775,721,738.5,731.743347,42952
3/15/2016,745,745,706,708.25,701.770203,58525
3/16/2016,715,715,696.549988,701.599976,695.180969,24135
3/17/2016,713.950012,732.200012,700.099976,725.900024,719.258667,54704
3/18/2016,733.200012,733.200012,706.150024,709.75,703.256409,94710
3/21/2016,718,718,703,709.549988,703.058228,91335
3/22/2016,713.549988,722,696.599976,714.049988,707.517029,88555
3/23/2016,710.349976,716.049988,701.099976,713.299988,706.773926,117962
3/28/2016,724.900024,729.950012,707.549988,715.450012,708.904236,69740
3/29/2016,714,717.599976,703.599976,706.599976,700.135254,49419
3/30/2016,707,737.799988,707,734.150024,727.433228,165264
3/31/2016,737,745,721.25,734.450012,727.730469,127874
4/1/2016,721.150024,742,721.150024,735.849976,729.117615,46973
4/4/2016,742,742.049988,730.049988,736.900024,730.158081,131684
4/5/2016,736.400024,747,732.049988,740.950012,734.171021,191625
4/6/2016,736.099976,744.799988,732.099976,736.400024,729.662598,74289
4/7/2016,722.549988,741.950012,720.700012,725.299988,718.664124,7212
4/8/2016,724.150024,738.400024,722,723.75,717.128296,19628
4/11/2016,735.950012,747,725.099976,744.349976,737.539856,78841
4/12/2016,745,803,742.450012,797,789.708191,254187
4/13/2016,797.150024,816,795.049988,805.549988,798.179932,217311
4/18/2016,804,813.799988,795.150024,803.400024,796.049561,76987
4/20/2016,802,811,800,807.900024,800.508484,42390
4/21/2016,802,826.299988,801.5,825.099976,817.550964,205934
4/22/2016,830,832,822,824.900024,817.352966,91400
4/25/2016,811,821.049988,810,815.450012,807.98938,66249
4/26/2016,815.049988,824.400024,814.400024,815.450012,807.98938,74673
4/27/2016,802.599976,824,802.599976,815.200012,807.741699,44312
4/28/2016,816,832,808,816.299988,808.831604,25564
4/29/2016,821.650024,845.900024,813.950012,842.5,834.791809,90833
5/2/2016,830.049988,839,820.299988,826.450012,818.888733,32040
5/3/2016,820.349976,850,820.349976,844.150024,836.42688,66569
5/4/2016,832,858,832,848.799988,841.03418,62191
5/5/2016,850,854.950012,832.099976,836.299988,828.64856,21624
5/6/2016,830.049988,855,821,829.450012,821.861328,72896
5/9/2016,828,849.299988,828,843.400024,835.683777,45984
5/10/2016,840.049988,846.25,829,830.700012,823.099792,12072
5/11/2016,825.25,857.5,825.25,844.099976,836.377258,32118
5/12/2016,845,846.849976,827.099976,840.549988,832.85968,170000
5/13/2016,836.5,855,836.5,840.700012,833.008423,45231
5/16/2016,830,849.599976,830,840.25,832.562378,14012
5/17/2016,846,848,836.349976,838.799988,831.125732,16096
5/18/2016,849.849976,849.849976,831.599976,836.400024,828.747742,13198
5/19/2016,849,849,838,843.049988,835.336853,60325
5/20/2016,849,899,840.049988,870.599976,862.634766,270543
5/23/2016,876.400024,878.650024,836.099976,842.599976,834.89093,75744
5/24/2016,846.049988,857.950012,837,842.150024,834.44519,18130
5/25/2016,861.75,861.950012,844,849.75,841.975525,84906
5/26/2016,848.349976,856,838.900024,843.450012,835.733276,32100
5/27/2016,854.599976,865,822.599976,840.400024,832.711182,379579
5/30/2016,831.099976,849.450012,831.099976,843.849976,836.129517,24342
5/31/2016,841.049988,891,841.049988,883.549988,875.466309,112618
6/1/2016,892,910,877.799988,903.25,894.986084,379082
6/2/2016,900.099976,906,884.5,900.599976,892.360352,47754
6/3/2016,904.900024,905,885,892.450012,884.284851,96521
6/6/2016,889.5,897.950012,884.5,886.75,878.637085,30789
6/7/2016,887.700012,935,881.599976,915.099976,906.7276,104255
6/8/2016,919.400024,945.5,906.75,939.5,930.90448,223502
6/9/2016,939.700012,942.799988,901.200012,904.049988,895.778809,72362
6/10/2016,898.400024,944.799988,898.400024,935.849976,927.287781,211705
6/13/2016,934.900024,955,916.299988,950.650024,941.952454,161073
6/14/2016,959.75,974,955,959.349976,950.572754,138360
6/15/2016,960,979.799988,955,962.75,953.941711,58561
6/16/2016,961,961.049988,930.950012,934.650024,926.098755,88256
6/17/2016,942.799988,960,940,954.900024,946.163513,69524
6/20/2016,950,960,933.549988,949.049988,940.367126,25463
6/21/2016,960.200012,965,945,950.450012,941.754272,113774
6/22/2016,965.400024,965.400024,946.799988,949.349976,940.664246,120546
6/23/2016,960,974.450012,932,950.349976,941.655151,49953
6/24/2016,940,957,885.049988,947.200012,938.533997,97957
6/27/2016,936,960,936,950.150024,941.45697,82279
6/28/2016,957.349976,978,942.549988,949.950012,941.25885,97460
6/29/2016,990,996.299988,971.549988,979.75,970.786194,247246
6/30/2016,985,1074,985,1010.700012,1001.452942,829273
7/1/2016,1019.650024,1054.949951,1015.75,1024.5,1015.126709,330055
7/4/2016,1032,1055,993,998.900024,989.760925,350293
7/5/2016,1007.75,1025,996,1010.650024,1001.403503,156068
7/7/2016,1025.900024,1045,985.150024,993.150024,984.06366,299690
7/8/2016,999,1004.900024,966.599976,998.549988,989.414124,204690
7/11/2016,1018,1018,988,992.5,983.419495,164480
7/12/2016,996,1018.400024,980.700012,1011.150024,1001.898987,260400
7/13/2016,1002,1011,985.200012,991.450012,982.379089,87994
7/14/2016,990.099976,1025.900024,990.099976,1017.75,1008.438477,256496
7/15/2016,1021,1021,1001.400024,1009.099976,999.867615,93498
7/18/2016,1005,1036,1004,1030.75,1021.31958,170685
7/19/2016,1053.900024,1149,1034,1117.25,1107.028198,770243
7/20/2016,1131.800049,1140,1061,1069.099976,1059.318726,664564
7/21/2016,1066.050049,1102,1050.099976,1095.599976,1085.576294,434418
7/22/2016,1107.599976,1123,1056.300049,1067.699951,1057.931396,430769
7/25/2016,1067.699951,1103.050049,1058,1099.349976,1089.291992,261274
7/26/2016,1090.25,1120,1085,1096.849976,1086.814819,223509
7/27/2016,1101,1141.699951,1098,1126.150024,1115.846802,300913
7/28/2016,1115.300049,1178,1115.300049,1142.75,1132.2948,236143
7/29/2016,1144,1170,1132.300049,1141.25,1130.808716,511851
8/1/2016,1152.900024,1152.900024,1101.550049,1123.150024,1112.874146,97527
8/2/2016,1132.900024,1133.949951,1095.25,1109.75,1099.596802,165072
8/3/2016,1109.900024,1129.900024,1091.5,1097.75,1087.706665,176298
8/4/2016,1110.099976,1119.949951,1091.150024,1106.699951,1096.574707,122956
8/5/2016,1115,1254.800049,1109.550049,1218.349976,1207.203247,808895
8/8/2016,1228,1230,1181,1191.949951,1181.044678,133334
8/9/2016,1195,1250,1170,1228.900024,1217.656738,165542
8/10/2016,1228,1235.800049,1176.300049,1183.599976,1172.77124,179057
8/11/2016,1191.300049,1209.550049,1175,1185.099976,1174.257324,122285
8/12/2016,1194,1219.25,1187.5,1203.75,1192.736938,154559
8/16/2016,1210.949951,1214.5,1175,1180.75,1169.947266,170404
8/17/2016,1192,1233.650024,1190,1226.800049,1215.575928,170147
8/18/2016,1232,1242,1218,1228.099976,1216.863892,80358
8/19/2016,1229.900024,1237,1212,1223.550049,1212.355713,46403
8/22/2016,1223.550049,1231,1183,1187.800049,1176.932739,62590
8/23/2016,1187.099976,1207.25,1175.349976,1181.949951,1171.13623,61754
8/24/2016,1185,1194.349976,1173,1180.550049,1169.749023,49507
8/25/2016,1179,1216.900024,1179,1197.449951,1186.494385,113205
8/26/2016,1208.650024,1208.699951,1180.150024,1184.699951,1173.860962,46935
8/29/2016,1187.699951,1187.699951,1170,1174.800049,1164.051758,64903
8/30/2016,1183,1197,1165.25,1174.800049,1164.051758,143543
8/31/2016,1174.849976,1193.5,1173.949951,1187.800049,1176.932739,85580
9/1/2016,1189.400024,1194.650024,1175.300049,1185.449951,1174.604004,108136
9/2/2016,1220,1296,1220,1273.449951,1261.79895,1142600
9/6/2016,1280,1280,1250.5,1261,1249.462891,128015
9/7/2016,1266,1334.800049,1221.5,1241.650024,1230.290161,625046
9/8/2016,1250.199951,1264,1229,1237.900024,1226.574341,111200
9/9/2016,1246.949951,1255,1205.75,1219.75,1208.590454,89153
9/12/2016,1210,1210.099976,1170.349976,1179.25,1168.46106,120841
9/14/2016,1179.25,1206.949951,1165,1173.599976,1162.862671,322941
9/15/2016,1185,1192,1149.650024,1158.650024,1148.049438,101824
9/16/2016,1170,1198,1167.400024,1185,1174.158203,145577
9/19/2016,1195.449951,1195.449951,1169.050049,1181.25,1170.442627,48630
9/20/2016,1190,1242.949951,1180.900024,1228.650024,1219.473755,210868
9/21/2016,1224.400024,1253.199951,1211.449951,1234.349976,1225.130981,104101
9/22/2016,1245,1258,1225.349976,1240.449951,1231.185547,91325
9/23/2016,1237.800049,1260,1237.800049,1248.050049,1238.728882,68448
9/26/2016,1230,1247,1205,1207.800049,1198.779541,190845
9/27/2016,1218.449951,1228,1210.349976,1220.900024,1211.781494,88612
9/28/2016,1219.900024,1228.800049,1205,1217.599976,1208.506226,73526
9/29/2016,1229.349976,1231,1055.550049,1192.949951,1184.040405,167903
9/30/2016,1198,1209.949951,1172.449951,1185.199951,1176.348267,68671
10/3/2016,1203,1251.900024,1194.650024,1235.5,1226.272583,137929
10/4/2016,1247.800049,1254.900024,1235.5,1241.5,1232.227661,108250
10/5/2016,1245,1247,1194.900024,1205.449951,1196.447021,139628
10/6/2016,1210,1218,1176,1181.349976,1172.526978,74889
10/7/2016,1184.400024,1189.550049,1151,1169.099976,1160.368408,97344
10/10/2016,1179,1199,1171.599976,1186.849976,1177.98584,85885
10/13/2016,1180,1198.949951,1175,1187.099976,1178.234009,102685
10/14/2016,1199,1200,1163.050049,1184.699951,1175.851807,122025
10/17/2016,1187.900024,1210,1177.599976,1201.800049,1192.824341,66172
10/18/2016,1210,1215.949951,1200.800049,1205.199951,1196.198853,47382
10/19/2016,1207.300049,1219,1199.949951,1200.75,1191.781982,59057
10/20/2016,1211,1230,1201.150024,1224.349976,1215.205811,70236
10/21/2016,1234.5,1239.900024,1211.800049,1228.050049,1218.878174,55699
10/24/2016,1228.050049,1240,1212,1217.849976,1208.754395,46070
10/25/2016,1218,1236.849976,1218,1224.150024,1215.007324,53555
10/26/2016,1230.849976,1258,1212.300049,1232.949951,1223.741455,75451
10/27/2016,1232.300049,1240,1199.099976,1214.150024,1205.082153,213627
10/28/2016,1218.949951,1237.349976,1218.949951,1225.650024,1216.496094,79959
11/1/2016,1213.099976,1247.5,1213.099976,1234.949951,1225.726685,84220
11/2/2016,1215,1225.400024,1200,1207.599976,1198.580933,76768
11/3/2016,1215,1224,1201.099976,1207.300049,1198.283203,41651
11/4/2016,1205,1242.099976,1204,1230.449951,1221.260254,77991
11/7/2016,1238.900024,1284.25,1236,1266.449951,1256.991333,163104
11/8/2016,1267,1304.400024,1267,1284.599976,1275.005859,196625
11/9/2016,1176.650024,1288.699951,1136.599976,1228.300049,1219.126343,127980
11/10/2016,1254,1268.949951,1205,1207.300049,1198.283203,115348
11/11/2016,1230,1230,1155,1159.550049,1150.889771,108574
11/15/2016,1162.050049,1179.25,1089.900024,1119.699951,1111.337402,231779
11/16/2016,1131.199951,1174.949951,1110,1158.449951,1149.797974,354837
11/17/2016,1144.25,1177.949951,1115,1146.150024,1137.589844,96389
11/18/2016,1146,1154,1046,1080.949951,1072.876709,206561
11/21/2016,1080.949951,1130,1070,1116.900024,1108.55835,154433
11/22/2016,1129.25,1139.849976,1051,1090.949951,1082.802124,216672
11/23/2016,1118,1120.949951,1071.25,1111.300049,1103.000244,178606
11/24/2016,1091,1149,1086.150024,1133.900024,1125.431274,112680
11/25/2016,1135.199951,1147.75,1120,1141.800049,1133.272461,115385
11/28/2016,1129.949951,1185,1102,1130.5,1122.056763,153133
11/29/2016,1136,1160,1131.099976,1141.099976,1132.577393,88620
11/30/2016,1140.949951,1162.25,1130,1149.25,1140.666748,133276
12/1/2016,1149.25,1160,1120,1132.550049,1124.091553,157126
12/2/2016,1130,1139,1089.5,1099.800049,1091.58606,102181
12/5/2016,1114,1114,1053,1069.099976,1061.115356,229892
12/6/2016,1074.949951,1099,1074.25,1085.199951,1077.094971,127601
12/7/2016,1099.900024,1112,1071,1080.650024,1072.579102,102492
12/8/2016,1086.150024,1110,1078,1101.5,1093.273438,87202
12/9/2016,1109,1114,1085.050049,1107.300049,1099.030151,85554
12/12/2016,1114,1118,1090.5,1098.900024,1090.692871,55398
12/13/2016,1098,1111.150024,1087,1097.5,1089.303223,34996
12/14/2016,1097.949951,1105.75,1085,1092.75,1084.588623,33214
12/15/2016,1081.199951,1100,1081.199951,1092.400024,1084.241211,32534
12/16/2016,1100,1105,1070.099976,1079.849976,1071.784912,113527
12/19/2016,1090.199951,1090.199951,1071,1080.650024,1072.579102,73103
12/20/2016,1085.5,1094.150024,1071.550049,1076.599976,1068.559204,56842
12/21/2016,1076.400024,1079.699951,1048,1051.900024,1044.043823,149576
12/22/2016,1047,1054.949951,1034.949951,1048.449951,1040.619385,226718
12/23/2016,1049.900024,1058.400024,1035.349976,1051.599976,1043.74585,202865
12/26/2016,1065,1070,1006.200012,1025.150024,1017.49353,173548
12/27/2016,1025.150024,1065.5,1012.349976,1053.5,1045.631958,123184
12/28/2016,1063,1150,1051.349976,1107.050049,1098.78186,185885
12/29/2016,1107.849976,1135,1100.349976,1124.849976,1116.448853,78601
12/30/2016,1126.75,1204,1122,1148.75,1140.17041,266274
1/2/2017,1148.5,1171,1147.949951,1155.449951,1146.820435,55693
1/3/2017,1162,1195.900024,1160,1170.25,1161.509888,148634
1/4/2017,1172.400024,1188,1169.599976,1174.099976,1165.331055,64970
1/5/2017,1181.849976,1199.400024,1177,1186.099976,1177.241455,210539
1/6/2017,1186.099976,1195.849976,1175,1179.75,1170.938843,120789
1/9/2017,1182.5,1190,1167.050049,1183.199951,1174.362915,27681
1/10/2017,1184.5,1240,1178.650024,1219.699951,1210.590454,98591
1/11/2017,1233.900024,1238,1216.25,1225.5,1216.34729,59258
1/12/2017,1233.5,1233.5,1170,1177.949951,1169.152344,96227
1/13/2017,1179,1187.849976,1145.099976,1169.849976,1161.112671,112994
1/16/2017,1174.849976,1235,1173.550049,1226.5,1217.3396,147399
1/17/2017,1225,1250,1220.050049,1244.5,1235.205322,106016
1/18/2017,1233.25,1340,1233.25,1303.900024,1294.161743,3624969
1/19/2017,1304,1322.599976,1280,1294.849976,1285.179321,265637
1/20/2017,1291,1325,1251,1266.650024,1257.190063,266517
1/23/2017,1256.199951,1294.050049,1256.199951,1273,1263.492554,124402
1/24/2017,1275.050049,1303.400024,1275.050049,1297.599976,1287.908691,106794
1/25/2017,1309,1319,1277.150024,1292.349976,1282.697998,138734
1/27/2017,1289.949951,1310,1265.199951,1275.699951,1266.172241,93261
1/30/2017,1274.849976,1278.699951,1245.599976,1253.400024,1244.03894,88081
1/31/2017,1259.949951,1271.699951,1221,1229.800049,1220.615112,63724
2/1/2017,1229,1253.400024,1208.75,1236.599976,1227.36438,75401
2/2/2017,1227,1250,1223.25,1249,1239.671631,74272
2/3/2017,1259,1310,1237.900024,1298.099976,1288.404907,337748
2/6/2017,1290,1304,1243.449951,1259.050049,1249.646729,190005
2/7/2017,1265,1278.300049,1261.050049,1267.5,1258.033691,65992
2/8/2017,1269.949951,1294,1260.050049,1279.050049,1269.497314,106363
2/9/2017,1287.949951,1288.300049,1274.150024,1282.900024,1273.318604,26313
2/10/2017,1288.050049,1316,1283,1298.449951,1288.752197,154905
2/13/2017,1303.900024,1319.800049,1291.050049,1298.199951,1288.504272,56170
2/14/2017,1304.900024,1305.650024,1265.349976,1287.949951,1278.330688,57499
2/15/2017,1287.949951,1288.349976,1262.949951,1270.900024,1261.408203,46323
2/16/2017,1272.050049,1285,1260,1275.25,1265.72583,67388
2/17/2017,1276.5,1294.599976,1265.300049,1276.800049,1267.26416,40934
2/20/2017,1279,1281.099976,1257.400024,1268.449951,1258.97644,40552
2/21/2017,1264.050049,1284,1262,1268,1258.529785,32826
2/22/2017,1279,1281.5,1256.050049,1263.349976,1253.914551,30993
2/23/2017,1266,1278.800049,1255,1260.099976,1250.688843,57587
2/27/2017,1265,1290.949951,1231,1278.099976,1268.554443,70341
2/28/2017,1270,1309.050049,1251,1295.550049,1285.874146,114302
3/1/2017,1298,1315,1288.099976,1296.25,1286.56897,108091
3/2/2017,1302.949951,1308.849976,1296,1303.650024,1293.913574,85172
3/3/2017,1300,1313,1291,1310.050049,1300.265869,51039
3/6/2017,1310.050049,1338.550049,1310,1331.900024,1321.952759,82155
3/7/2017,1340,1352,1331,1344.599976,1334.557739,234391
3/8/2017,1348,1358.400024,1330,1336.800049,1326.81604,111906
3/9/2017,1335.75,1358,1317.099976,1350.699951,1340.612061,112687
3/10/2017,1354.949951,1435.25,1353,1424.050049,1413.414307,552371
3/14/2017,1450,1454,1426.050049,1447.75,1436.937378,254161
3/15/2017,1441,1445,1366.349976,1407.75,1397.235962,626757
3/16/2017,1407.75,1423.75,1386,1409.849976,1399.320435,225914
3/17/2017,1410,1422,1388,1413.349976,1402.794067,629893
3/20/2017,1425,1429.699951,1387.050049,1414.650024,1404.084473,75840
3/21/2017,1420,1425.400024,1402,1410.849976,1400.312866,82591
3/22/2017,1409.849976,1425,1397.949951,1416.75,1406.168823,74259
3/23/2017,1445,1448.949951,1411.25,1417.349976,1406.764404,119601
3/24/2017,1427,1443.699951,1406,1416.849976,1406.268066,33592
3/27/2017,1417,1433.550049,1408.449951,1416.949951,1406.367188,51226
3/28/2017,1429.949951,1435,1422.349976,1431.949951,1421.255249,93960
3/29/2017,1431,1469.949951,1414,1417.699951,1407.111694,286861
3/30/2017,1432,1440.949951,1412.300049,1417.050049,1406.466553,83492
3/31/2017,1422,1439.5,1414.099976,1431.25,1420.560547,347161
4/3/2017,1432.800049,1448,1429.800049,1437.400024,1426.664673,83998
4/5/2017,1432,1573.800049,1432,1520,1508.647705,680950
4/6/2017,1523,1542,1496.699951,1510.150024,1498.871338,235323
4/7/2017,1508.800049,1560,1504.5,1530.900024,1519.466187,333553
4/10/2017,1532.5,1557,1515,1534.449951,1522.989746,142123
4/11/2017,1540,1577.900024,1539.699951,1547.150024,1535.594971,240784
4/12/2017,1548,1561.300049,1525.050049,1534.699951,1523.237915,134159
4/13/2017,1534,1569.550049,1530.349976,1564.650024,1552.964233,186928
4/17/2017,1574,1600,1570.150024,1581.699951,1569.886841,324512
4/18/2017,1574,1592.550049,1547.949951,1557.949951,1546.314087,117338
4/19/2017,1550,1574.900024,1550,1558,1546.364014,120009
4/20/2017,1559.699951,1571.050049,1548.550049,1558.949951,1547.306763,69661
4/21/2017,1560,1581.349976,1550.150024,1555.849976,1544.229858,126866
4/24/2017,1557.900024,1583.900024,1557.900024,1573.75,1561.996338,172499
4/25/2017,1581.699951,1631.949951,1567.099976,1599.300049,1587.355591,495191
4/26/2017,1600,1627,1578.449951,1587.75,1575.891724,251384
4/27/2017,1600.800049,1635,1600.800049,1611.699951,1599.662842,493402
4/28/2017,1635,1655,1603.599976,1613.099976,1601.052368,617192
5/2/2017,1625,1630,1583.300049,1600.599976,1588.645752,238727
5/3/2017,1572,1588,1545.150024,1560.650024,1548.994141,321230
5/4/2017,1560,1565,1530,1538.550049,1527.059204,98536
5/5/2017,1541.300049,1547.900024,1515,1522.199951,1510.831177,218571
5/8/2017,1550,1575.699951,1535,1548.650024,1537.083618,270112
5/9/2017,1555,1560.150024,1531.050049,1547.75,1536.190674,143400
5/10/2017,1543.150024,1561.349976,1537.5,1542.449951,1530.930054,131138
5/11/2017,1548,1562.650024,1520.099976,1529.5,1518.076782,175934
5/12/2017,1537.5,1550,1520.550049,1526.199951,1514.801392,213754
5/15/2017,1532.349976,1538.150024,1515.449951,1524.949951,1513.560669,103693
5/16/2017,1526.699951,1545,1526.650024,1539,1527.505859,86547
5/17/2017,1539.699951,1552.849976,1526.050049,1530.300049,1518.87085,73902
5/18/2017,1525,1539.349976,1502.199951,1515.050049,1503.734863,82125
5/19/2017,1515,1534.5,1502.199951,1513.550049,1502.245972,114890
5/22/2017,1498.449951,1522,1397.050049,1481,1469.938965,449726
5/23/2017,1492,1515,1445.5,1496.449951,1485.27356,318619
5/24/2017,1490,1530.050049,1444.150024,1450,1439.17041,107642
5/25/2017,1450,1474.75,1439.050049,1461.150024,1450.237427,114328
5/26/2017,1463.099976,1498,1451,1471.5,1460.51001,129323
5/29/2017,1460.050049,1485.199951,1460.050049,1472.849976,1461.849854,82565
5/30/2017,1470,1487.900024,1425.050049,1447.900024,1437.086304,205277
5/31/2017,1440.099976,1518,1440.099976,1454.949951,1444.083496,225319
6/1/2017,1452,1469.699951,1452,1455.699951,1444.827759,59522
6/2/2017,1457.300049,1466.900024,1452.349976,1457.800049,1446.912354,55880
6/5/2017,1458.900024,1464.650024,1440,1442.25,1431.478271,102733
6/6/2017,1445,1447.449951,1378.849976,1392.849976,1382.447266,210916
6/7/2017,1391.099976,1409,1387,1400.699951,1390.238525,165824
6/8/2017,1400.699951,1498.5,1382.300049,1454,1443.140625,596919
6/9/2017,1465,1479.849976,1443,1472.25,1461.254395,403598
6/12/2017,1477,1507,1470,1488.949951,1477.82959,306349
6/13/2017,1490.550049,1505,1474,1496.300049,1485.124634,195198
6/14/2017,1505.5,1550,1490.599976,1522.5,1511.12915,221887
6/15/2017,1525,1537.199951,1515,1523.5,1512.12146,108982
6/16/2017,1521.25,1575,1521.25,1564.150024,1552.468018,253525
6/19/2017,1570,1589.949951,1545,1569.900024,1558.175049,192244
6/20/2017,1574,1589.349976,1560.599976,1570.300049,1558.572144,113049
6/21/2017,1574.75,1601,1571,1581.400024,1569.589111,281799
6/22/2017,1583,1593.75,1557.099976,1563.949951,1552.269287,84496
6/23/2017,1573.849976,1576.849976,1500.550049,1508,1496.737305,249486
6/27/2017,1509,1509,1445,1450.349976,1439.517944,192943
6/28/2017,1451.349976,1458.949951,1393.349976,1405.349976,1394.854126,238384
6/29/2017,1406.099976,1449.900024,1406.099976,1417.599976,1407.012451,200303
6/30/2017,1420,1430,1383.400024,1408.550049,1398.030273,229464
7/3/2017,1415,1444,1406.599976,1440.400024,1429.642212,197905
7/4/2017,1442,1445,1421.550049,1425.75,1415.101563,63910
7/5/2017,1425.800049,1431.849976,1402.099976,1407.199951,1396.690186,180666
7/6/2017,1414.150024,1439,1408,1421.199951,1410.585571,120416
7/7/2017,1424.25,1465,1415,1419.050049,1408.451904,317775
7/10/2017,1418.25,1432.800049,1418.25,1425.400024,1414.754395,18014
7/11/2017,1423,1425.25,1410,1419.300049,1408.699829,84915
7/12/2017,1422,1444,1415.050049,1419.599976,1408.997437,155733
7/13/2017,1424.75,1439.900024,1411.550049,1417.699951,1407.111694,86039
7/14/2017,1424,1425.949951,1397.150024,1403.199951,1392.719971,164077
7/17/2017,1406,1413.449951,1370.150024,1381.949951,1373.586548,218713
7/18/2017,1380,1394,1371.5,1382,1373.636353,211740
7/19/2017,1389,1401.300049,1357.150024,1387.150024,1378.755127,336806
7/20/2017,1395.949951,1413.449951,1380.050049,1385.800049,1377.41333,378948
7/21/2017,1391.900024,1392,1344.400024,1367.5,1359.223999,252029
7/24/2017,1370,1383.400024,1367,1369.400024,1361.112671,134339
7/25/2017,1374.699951,1398,1372.599976,1381.699951,1373.338013,243186
7/26/2017,1389,1404.449951,1344,1354.400024,1346.203491,686032
7/27/2017,1362.650024,1368.599976,1318.599976,1330.300049,1322.249146,332134
7/28/2017,1339.349976,1352.449951,1323.800049,1340,1331.890503,109277
7/31/2017,1339.5,1354,1331.25,1340.550049,1332.437012,133803
8/1/2017,1345,1378,1342.400024,1375.099976,1366.777954,301429
8/2/2017,1380,1389.900024,1372.349976,1377.650024,1369.312622,213112
8/3/2017,1377,1385,1362,1374.050049,1365.734375,202693
8/4/2017,1374.699951,1408.25,1370.550049,1400.199951,1391.726074,285632
8/7/2017,1405,1437.199951,1381.099976,1430.449951,1421.792969,290183
8/8/2017,1437.199951,1445,1383.599976,1409.650024,1401.118896,293605
8/9/2017,1415,1430,1352.199951,1358,1349.781494,228114
8/10/2017,1349,1380.75,1301.099976,1332.599976,1324.535156,247374
8/11/2017,1319,1340.400024,1261,1285.900024,1278.11792,354851
8/14/2017,1284.900024,1307.900024,1225,1288,1280.205078,401325
8/16/2017,1290.050049,1333.449951,1274.050049,1329.199951,1321.155762,363066
8/17/2017,1329,1339.550049,1296.5,1301.25,1293.374878,183800
8/18/2017,1300.849976,1329,1285,1321.75,1313.750977,114016
8/21/2017,1321.75,1328.25,1274,1280.650024,1272.899658,160371
8/22/2017,1280.650024,1295,1249,1272.349976,1264.649902,177930
8/23/2017,1273,1282.900024,1250,1255.449951,1247.852051,173261
8/24/2017,1258,1272,1253.300049,1263.550049,1255.903076,103862
8/28/2017,1265,1284.5,1258.75,1276.25,1268.526123,183234
8/29/2017,1275,1283.550049,1253.099976,1261.5,1253.865356,120692
8/30/2017,1269.400024,1314,1266.849976,1309.949951,1302.022217,184144
8/31/2017,1307.900024,1330,1297.099976,1321.449951,1313.452759,164554
9/1/2017,1322,1350,1309.900024,1323.400024,1315.390991,208183
9/4/2017,1322,1330.949951,1296.150024,1310.25,1302.320435,94097
9/5/2017,1310,1310,1285.800049,1304.900024,1297.002808,132512
9/6/2017,1304.099976,1324,1296.75,1308.400024,1300.481812,130353
9/7/2017,1310,1338,1303.25,1323.650024,1315.639404,122640
9/8/2017,1322,1374.449951,1322,1366.349976,1358.081055,335483
9/11/2017,1378,1388.800049,1338.300049,1344.849976,1336.71106,303111
9/12/2017,1349.699951,1365,1341,1346.849976,1338.698975,99652
9/13/2017,1349.050049,1362.949951,1316.050049,1323.349976,1315.341187,96710
9/14/2017,1334.699951,1345.599976,1318,1321.349976,1313.353271,72627
9/15/2017,1325,1357,1310,1336.349976,1328.262451,193013
9/18/2017,1348,1355,1321.650024,1329.300049,1321.255371,81988
9/19/2017,1335,1350,1320.099976,1337.800049,1329.703735,72193
9/20/2017,1338.150024,1347.199951,1300,1310,1302.072021,125823
9/21/2017,1315.900024,1324.949951,1275.75,1281.199951,1273.446289,339178
9/22/2017,1274,1274,1209.400024,1217.699951,1210.330566,335055
9/25/2017,1228.699951,1228.699951,1166.650024,1214.900024,1207.547485,366125
9/26/2017,1210,1244,1190.25,1211.849976,1204.515869,212923
9/27/2017,1210.099976,1233.050049,1165,1174.599976,1167.491333,203339
9/28/2017,1177.900024,1205.949951,1142.050049,1194.650024,1187.420044,332099
9/29/2017,1202,1232.900024,1186,1204.900024,1197.608154,213881
10/3/2017,1216,1238.25,1210.25,1221.050049,1213.660278,129232
10/4/2017,1220.099976,1278,1220.099976,1268.599976,1260.922363,320762
10/5/2017,1275,1324.199951,1268.050049,1293.449951,1285.622192,404082
10/6/2017,1311.900024,1321.949951,1292.849976,1313.650024,1305.699829,234043
10/9/2017,1314,1396.099976,1310.150024,1387.599976,1379.202393,437638
10/10/2017,1400,1415,1356,1376.650024,1368.318604,282768
10/11/2017,1382,1403.150024,1330.5,1335.650024,1327.566895,216793
10/12/2017,1335,1360,1334.949951,1352.699951,1344.51355,149647
10/13/2017,1356,1434,1344.650024,1404.099976,1395.602539,438244
10/16/2017,1389.849976,1403.900024,1362,1372.099976,1363.796143,280485
10/17/2017,1372,1393.449951,1348,1387.599976,1379.202393,449521
10/18/2017,1378.099976,1385,1359.949951,1369.099976,1360.814209,311307
10/19/2017,1374,1387,1355,1362.650024,1354.403442,22247
10/23/2017,1361.050049,1423.050049,1361.050049,1415.75,1407.182129,186223
10/24/2017,1420,1448,1413.800049,1420.849976,1412.251099,333438
10/25/2017,1430,1433.800049,1368.099976,1388.849976,1380.444824,206081
10/26/2017,1395,1430,1390,1421.449951,1412.847412,232745
10/27/2017,1410,1436.050049,1331.449951,1421.199951,1412.598999,762643
10/30/2017,1425,1430,1390.099976,1397.449951,1388.992676,192813
10/31/2017,1393,1404.949951,1380.25,1387.150024,1378.755127,115197
11/1/2017,1408.699951,1408.699951,1368,1377.5,1369.163452,75708
11/2/2017,1385,1388.25,1353,1363.699951,1355.446899,112786
11/3/2017,1361.599976,1384.900024,1357,1364.650024,1356.391357,122714
11/6/2017,1372.75,1415,1365.050049,1403.550049,1395.055786,168249
11/7/2017,1406.900024,1418.400024,1336.550049,1344.5,1336.363281,190385
11/8/2017,1354.5,1383,1350.699951,1379.900024,1371.549072,105218
11/9/2017,1383,1400,1356,1366.400024,1358.130615,112258
11/10/2017,1378.900024,1399.900024,1362.550049,1394.300049,1385.861816,72183
11/13/2017,1395,1440.5,1385.099976,1398.550049,1390.086182,311195
11/14/2017,1412.150024,1412.150024,1373.5,1390.25,1381.836304,95558
11/15/2017,1400,1422,1381.75,1386.099976,1377.711304,152725
11/16/2017,1392,1409.050049,1375.5,1390.5,1382.084961,130358
11/17/2017,1415,1428.949951,1390,1408.050049,1399.528564,298987
11/20/2017,1408.050049,1408.050049,1366.150024,1380.349976,1371.996338,122552
11/21/2017,1382,1397.900024,1365.400024,1368.199951,1359.9198,258094
11/22/2017,1354,1369.75,1311.400024,1356.150024,1347.942749,187387
11/23/2017,1363,1373.400024,1340.199951,1349.099976,1340.935425,126107
11/24/2017,1345,1345,1298.599976,1303.199951,1295.31311,297338
11/27/2017,1303,1325,1237.800049,1305.199951,1297.301147,373151
11/28/2017,1301.099976,1316.050049,1281.5,1308.650024,1300.730225,252913
11/29/2017,1316.900024,1317,1291,1313.099976,1305.153076,134823
11/30/2017,1306.349976,1349.900024,1291.849976,1315.949951,1307.986084,264775
12/1/2017,1310.099976,1337.449951,1270,1278.25,1270.51416,180667
12/4/2017,1289,1295,1263.550049,1275.349976,1267.631714,110992
12/5/2017,1275,1280.099976,1250.099976,1269.699951,1262.015869,65874
12/6/2017,1275,1295,1264,1269.699951,1262.015869,189854
12/7/2017,1273,1291.099976,1266.550049,1286.900024,1279.111694,85964
12/8/2017,1286.900024,1315.900024,1286.900024,1302.449951,1294.567627,201129
12/11/2017,1301,1323,1290,1294.449951,1286.615967,159338
12/12/2017,1299,1318.25,1292.550049,1307.599976,1299.686401,140147
12/13/2017,1300.550049,1320,1292,1302.099976,1294.219727,88306
12/14/2017,1316.900024,1317,1280,1298.599976,1290.740967,140642
12/15/2017,1302.099976,1313,1293.449951,1303.849976,1295.959229,101787
12/18/2017,1312.699951,1338,1287.25,1334.150024,1326.075928,154052
12/19/2017,1350,1355,1331,1346.400024,1338.251709,131176
12/20/2017,1349.900024,1448.050049,1339,1425.25,1416.624512,455938
12/21/2017,1430,1459.099976,1424.050049,1437.400024,1428.700928,362769
12/22/2017,1460,1474.449951,1435,1441.099976,1432.37854,539384
12/26/2017,1451.900024,1455,1404.650024,1418.599976,1410.014771,225222
12/27/2017,1423,1450,1416.300049,1432.25,1423.582275,223844
12/28/2017,1445,1446,1400.75,1408.550049,1400.025757,188262
12/29/2017,1410,1429,1402.699951,1411.050049,1402.510498,151131
1/1/2018,1424,1444,1411.300049,1423.75,1415.133667,182104
1/2/2018,1438,1439,1398,1402.800049,1394.310425,161070
1/3/2018,1412,1423.849976,1390,1401.800049,1393.316406,143604
1/4/2018,1409.949951,1417.5,1392,1399,1390.533447,94195
1/5/2018,1400.099976,1423,1393,1419,1410.412354,305612
1/8/2018,1420,1469,1420,1460.199951,1451.362915,311868
1/9/2018,1480,1499.849976,1472.550049,1486.800049,1477.802002,524029
1/10/2018,1490,1490,1438.5,1469,1460.109741,164271
1/11/2018,1469,1485.949951,1455.099976,1460.75,1451.909668,107845
1/12/2018,1461,1489,1454,1463.150024,1454.295166,199778
1/15/2018,1467.650024,1478,1455,1459.349976,1450.518066,75476
1/16/2018,1459.900024,1463.400024,1429,1438.199951,1429.496216,97676
1/17/2018,1438.199951,1479.900024,1417,1474.300049,1465.377808,168643
1/18/2018,1476.949951,1504.699951,1443.300049,1457.150024,1448.331543,338896
1/19/2018,1464.800049,1484.099976,1455.050049,1469.050049,1460.159546,104438
1/22/2018,1474.400024,1483.349976,1456.75,1474.099976,1465.178711,83847
1/23/2018,1474,1547.949951,1469.099976,1529.300049,1520.0448,508483
1/24/2018,1532.199951,1568.449951,1461.800049,1485.25,1476.261475,474257
1/25/2018,1484,1510,1460.099976,1466.849976,1457.972778,267615
1/29/2018,1478.050049,1518.75,1455.550049,1467.800049,1458.916992,203996
1/30/2018,1479.150024,1479.150024,1401.75,1422.900024,1414.288696,192953
1/31/2018,1427,1479.449951,1410.5,1460.599976,1451.760498,679906
2/1/2018,1474,1474,1413.75,1418.849976,1410.263184,219765
2/2/2018,1412,1412.050049,1285.900024,1302.150024,1294.269653,476738
2/5/2018,1290.25,1332.5,1260,1297.699951,1289.846436,163563
2/6/2018,1240,1340,1220,1331.25,1323.193359,218865
2/7/2018,1345,1394,1336.199951,1380.099976,1371.747803,280235
2/8/2018,1385.199951,1429.099976,1385.050049,1414.150024,1405.591675,206669
2/9/2018,1397,1438,1381.150024,1396.599976,1388.147827,232769
2/12/2018,1405,1426.900024,1397,1412.75,1404.200195,99422
2/14/2018,1430,1430,1395.400024,1405.5,1396.994019,93201
2/15/2018,1417.449951,1457,1395,1403.900024,1395.403687,366640
2/16/2018,1418,1434,1397.5,1402.300049,1393.813599,121552
2/19/2018,1413,1413.150024,1370,1391.900024,1383.476563,141502
2/20/2018,1391.949951,1419.25,1385,1410.25,1401.715332,138640
2/21/2018,1413,1429.800049,1392,1396.849976,1388.396484,179595
2/22/2018,1396.050049,1407.449951,1371.099976,1384.550049,1376.170898,139541
2/23/2018,1394,1394,1353,1370.150024,1361.858032,230219
2/26/2018,1380,1380,1353.300049,1361.199951,1352.962036,108127
2/27/2018,1361.199951,1372.900024,1321.199951,1335.5,1327.417603,279907
2/28/2018,1321,1341.099976,1300,1320.449951,1312.45874,271427
3/1/2018,1320,1333.900024,1301,1305.349976,1297.450195,184880
3/5/2018,1302,1302.849976,1251.300049,1267.650024,1259.978271,237757
3/6/2018,1275,1318,1265,1284.900024,1277.123901,464501
3/7/2018,1285,1306.849976,1262.550049,1288.050049,1280.254883,236658
3/8/2018,1300,1311.25,1285.050049,1305.099976,1297.201782,155750
3/9/2018,1307,1337.400024,1299,1320.949951,1312.955566,191661
3/12/2018,1332,1332,1301,1324.300049,1316.2854,76149
3/13/2018,1328,1332.800049,1310.599976,1322.599976,1314.595703,101729
3/14/2018,1314,1336.300049,1305,1327.099976,1319.068359,105958
3/15/2018,1321,1332.900024,1305,1312.25,1304.308228,103703
3/16/2018,1310.099976,1319.849976,1286.800049,1292.900024,1285.075439,155390
3/19/2018,1300,1304.75,1247.650024,1267.75,1260.077637,181903
3/20/2018,1267.75,1280.650024,1251.800049,1262.599976,1254.95874,176944
3/21/2018,1262.5,1271.650024,1198.25,1232.25,1224.792603,615089
3/22/2018,1237.900024,1248.050049,1220.650024,1233.400024,1225.935669,188798
3/23/2018,1212,1233,1204.949951,1228.150024,1220.717285,171560
3/26/2018,1239,1247,1190.650024,1226.400024,1218.977905,373639
3/27/2018,1239.949951,1260,1225.349976,1243.550049,1236.024292,319369
3/28/2018,1230,1244,1209.349976,1215.25,1207.895508,259258
4/2/2018,1238,1240,1221.349976,1233.099976,1225.637451,83452
4/3/2018,1233,1258.5,1220.300049,1248.150024,1240.596313,202956
4/4/2018,1248,1281.949951,1247.849976,1260.550049,1252.921265,188059
4/5/2018,1260.550049,1276.800049,1230.900024,1256.199951,1248.597534,523073
4/6/2018,1268,1268,1235.099976,1246.25,1238.707764,182142
4/9/2018,1255,1317.300049,1244.900024,1298.099976,1290.244019,672856
4/10/2018,1308,1315.5,1282.75,1290.099976,1282.292603,237338
4/11/2018,1304.349976,1310.349976,1270.099976,1302.949951,1295.064453,233620
4/12/2018,1304,1344.400024,1282.400024,1327.650024,1319.615234,433557
4/13/2018,1332,1337.150024,1310.150024,1315.349976,1307.389526,134321
4/16/2018,1314,1339.800049,1304,1330.800049,1322.746216,169847
4/17/2018,1339.75,1346,1326.150024,1332,1323.938965,124237
4/18/2018,1330,1342.050049,1320.599976,1324.150024,1316.136353,136908
4/19/2018,1337.949951,1341.800049,1321.300049,1332.75,1324.684326,101098
4/20/2018,1344,1344,1307.300049,1317.400024,1309.427246,172607
4/23/2018,1330,1378,1310.300049,1374.25,1365.933105,488570
4/24/2018,1375.949951,1388,1362.599976,1369.050049,1360.764648,238094
4/25/2018,1369,1414,1366.949951,1400.599976,1392.123657,776513
4/26/2018,1406.449951,1408,1392.300049,1397.849976,1389.390381,411768
4/27/2018,1406,1437.75,1400,1430,1421.345825,167569
4/30/2018,1449.800049,1465,1430.949951,1441.699951,1432.974976,147031
5/2/2018,1445,1451.300049,1375.300049,1408.550049,1400.025757,184418
5/3/2018,1410.800049,1453.599976,1357.099976,1449.5,1440.727783,387005
5/4/2018,1440,1492,1413.800049,1425.349976,1416.723877,1352595
5/7/2018,1445,1470,1427.550049,1434.650024,1425.967651,220237
5/8/2018,1425,1435.550049,1413.300049,1424.300049,1415.680298,84666
5/9/2018,1424.300049,1451,1421,1437.150024,1428.452515,140300
5/10/2018,1442,1469,1400,1401.550049,1393.067993,318301
5/11/2018,1401.550049,1432,1400,1417.900024,1409.31897,176848
5/14/2018,1417.900024,1428.550049,1397.699951,1413.800049,1405.243774,155465
5/15/2018,1413.800049,1430,1400,1415.900024,1407.331177,110538
5/16/2018,1425,1428.650024,1401.25,1416.449951,1407.877808,96353
5/17/2018,1418.099976,1436.300049,1405.599976,1411.050049,1402.510498,82730
5/18/2018,1411,1422.449951,1361.550049,1371.099976,1362.802246,91606
5/21/2018,1382,1388.199951,1324.099976,1336.550049,1328.461426,126105
5/22/2018,1337,1376.150024,1320.150024,1361.900024,1353.657959,199201
5/23/2018,1369.050049,1379.900024,1335.5,1345.699951,1337.55603,73467
5/24/2018,1350,1361.199951,1321.900024,1344.300049,1336.164551,83664
5/25/2018,1362,1369.900024,1332.949951,1343.5,1335.369263,90626
5/28/2018,1354,1364,1337,1341.550049,1333.431152,76631
5/29/2018,1345,1361,1330,1343.400024,1335.269775,91500
5/30/2018,1330.5,1335.800049,1312,1319.849976,1311.862427,273093
5/31/2018,1318.5,1330,1303.699951,1322.949951,1314.943604,351795
6/1/2018,1325.5,1328.699951,1290.150024,1304.050049,1296.158081,133116
6/4/2018,1305,1317.699951,1265.599976,1278.900024,1271.160278,244340
6/5/2018,1277,1313.150024,1265,1298.050049,1290.194336,191590
6/6/2018,1305,1313.150024,1283.650024,1307.75,1299.835571,194801
6/7/2018,1311.900024,1345,1311.800049,1332.150024,1324.088013,294081
6/8/2018,1333.949951,1416.849976,1330.050049,1407.949951,1399.429199,986398
6/11/2018,1417.800049,1418.699951,1387.550049,1401.199951,1392.719971,434548
6/12/2018,1414,1439,1410,1426.599976,1417.966309,444672
6/13/2018,1426.150024,1440,1407.349976,1417.800049,1409.219604,195591
6/14/2018,1424.900024,1429,1399.5,1421.099976,1412.499512,431627
6/15/2018,1435,1463,1401,1407.699951,1399.180786,1004804
6/18/2018,1407,1408.650024,1351,1377.099976,1368.765869,453405
6/19/2018,1355,1385,1349.550049,1365.25,1356.987671,267115
6/20/2018,1367.900024,1386.449951,1355.099976,1372.550049,1364.24353,251878
6/21/2018,1368,1385.5,1349.099976,1361.699951,1353.459106,190315
6/22/2018,1361.699951,1362.949951,1344,1350.400024,1342.227539,141707
6/25/2018,1341.5,1363.449951,1306.849976,1351.699951,1343.519653,336341
6/26/2018,1345,1358,1338.199951,1348.5,1340.339111,217087
6/27/2018,1347.900024,1375,1326.199951,1367.949951,1359.671387,229670
6/28/2018,1369.849976,1410,1335.050049,1392.25,1383.824219,336813
6/29/2018,1401,1419,1353.650024,1374.300049,1365.98291,316273
7/2/2018,1378,1382.849976,1352.099976,1366.199951,1357.931763,228003
7/3/2018,1362,1394.900024,1352.349976,1376.400024,1368.07019,159516
7/4/2018,1371.900024,1398.949951,1370.150024,1378.349976,1370.008423,108849
7/5/2018,1379,1387.25,1368,1376.650024,1368.318604,131782
7/6/2018,1371.5,1387.650024,1365,1371.5,1363.199829,118375
7/9/2018,1384.400024,1399.550049,1371,1378.25,1369.908936,202862
7/10/2018,1378.25,1425,1366,1411.599976,1403.057251,333480
7/11/2018,1412.599976,1418.949951,1385,1389,1380.593994,136354
7/12/2018,1391.050049,1412.849976,1387.099976,1396.099976,1387.650879,204176
7/13/2018,1401,1414.400024,1199.699951,1211.199951,1203.869873,3607373
7/16/2018,1215,1234,1145.150024,1154.150024,1147.165283,3512073
7/17/2018,1160,1188,1149.400024,1160.599976,1153.576172,1334223
7/18/2018,1160,1176.550049,1082.5,1106.300049,1099.604736,1322283
7/19/2018,1109.900024,1155.949951,1062.800049,1136.349976,1129.4729,1730149
7/20/2018,1130,1178.949951,1125,1151.050049,1144.084106,1189823
7/23/2018,1159.650024,1172.25,1145,1152.699951,1145.723999,219412
7/24/2018,1150,1183.5,1124.949951,1172.599976,1165.50354,523724
7/25/2018,1180,1193.150024,1122.5,1138.5,1131.609741,1103688
7/26/2018,1138.5,1149.150024,1080,1119.150024,1112.376953,752725
7/27/2018,1121.5,1130.699951,1105.349976,1115.300049,1108.550415,307989
7/30/2018,1120,1132,1115,1128.199951,1121.372192,292497
7/31/2018,1126.949951,1130,1092.300049,1103.400024,1096.722412,245129
8/1/2018,1104,1121,1104,1115.800049,1109.047363,268005
8/2/2018,1114.800049,1116,1098,1101.550049,1094.883545,332751
8/3/2018,1143,1208,1143,1177.199951,1170.075562,2926219
8/6/2018,1181,1212,1180,1202,1194.725708,438414
8/7/2018,1204,1242,1187,1226.449951,1219.027588,808710
8/8/2018,1277,1287.550049,1221,1246.75,1239.204834,1789243
8/9/2018,1251,1290,1235,1279.449951,1271.706787,444172
8/10/2018,1300,1329.5,1279.099976,1316.050049,1308.085571,1071746
8/13/2018,1324.900024,1324.900024,1277.199951,1283.5,1275.732422,590552
8/14/2018,1286,1324,1286,1313.550049,1305.600464,585207
8/16/2018,1300,1309.5,1281.699951,1291.699951,1283.88269,464283
8/17/2018,1300,1313.400024,1287.699951,1306.150024,1298.245361,311973
8/20/2018,1305.5,1349.400024,1302.550049,1331.400024,1323.342529,470132
8/21/2018,1328,1328,1301,1305.849976,1297.947144,328880
8/23/2018,1306,1334.5,1283.150024,1319.900024,1311.912109,314590
8/24/2018,1316,1342,1301.099976,1322.900024,1314.894043,410545
8/27/2018,1327.900024,1337,1316,1321.800049,1313.800537,222774
8/28/2018,1323.449951,1339.599976,1318.449951,1333.650024,1325.578857,301364
8/29/2018,1335.650024,1370.900024,1327,1365.699951,1357.434814,439218
8/30/2018,1384.25,1401,1347.099976,1369.300049,1361.013062,965409
8/31/2018,1367,1386.949951,1355.75,1372.75,1364.442139,273455
9/3/2018,1375,1418,1367.599976,1382.650024,1374.282227,649507
9/4/2018,1390,1392,1313.150024,1339.349976,1331.244385,565194
9/5/2018,1339.5,1345.699951,1289.050049,1324.800049,1316.782593,323301
9/6/2018,1325,1361.199951,1300.650024,1340.5,1332.387451,244469
9/7/2018,1341.099976,1374.849976,1330.300049,1366.150024,1357.882202,368935
9/10/2018,1359,1385,1332.099976,1343.900024,1335.766968,271327
9/11/2018,1347,1360.849976,1338.300049,1352.849976,1344.662598,211391
9/12/2018,1358,1408,1341.599976,1391.550049,1383.12854,776984
9/14/2018,1414,1416.800049,1370,1379.099976,1370.753784,516069
9/17/2018,1399.849976,1423,1380,1396.300049,1387.849854,743619
9/18/2018,1394.949951,1396,1333.050049,1339,1332.770996,573099
9/19/2018,1345,1356.199951,1323.25,1338.349976,1332.123901,214014
9/21/2018,1341,1355,1285.5,1344.050049,1337.797485,366482
9/24/2018,1357.900024,1359.449951,1280.300049,1287.349976,1281.361206,285156
9/25/2018,1280.099976,1293.550049,1226.599976,1253.650024,1247.818115,330444
9/26/2018,1260,1289,1258.050049,1285.400024,1279.42041,506604
9/27/2018,1287,1299,1245.099976,1255.099976,1249.26123,310127
9/28/2018,1270,1279.449951,1190,1201.75,1196.159424,351195
10/1/2018,1210,1234,1164.449951,1224.900024,1219.201904,422964
10/3/2018,1225,1262.849976,1217.900024,1227.849976,1222.138184,302185
10/4/2018,1219.949951,1241.800049,1190.400024,1199.550049,1193.969727,313341
10/5/2018,1204.5,1222.699951,1142.650024,1168.300049,1162.865112,446167
10/8/2018,1168,1198,1098.900024,1179.800049,1174.311646,264630
10/9/2018,1189.050049,1222.75,1184.400024,1208,1202.380371,192894
10/10/2018,1208,1311,1207.099976,1297.199951,1291.165405,605098
10/11/2018,1238,1274.550049,1235.449951,1257,1251.152466,244404
10/12/2018,1265.099976,1346.650024,1265.099976,1323.949951,1317.790894,308952
10/15/2018,1335.800049,1341,1297.050049,1310.050049,1303.955688,205041
10/16/2018,1310.050049,1347.449951,1300,1341,1334.761719,225445
10/17/2018,1357,1376,1305,1314,1307.887329,472705
10/19/2018,1318,1319.25,1261.349976,1290.349976,1284.347412,156188
10/22/2018,1310,1338.550049,1282.400024,1299.150024,1293.106445,239897
10/23/2018,1281,1314,1276.150024,1279.650024,1273.697144,141783
10/24/2018,1293.75,1312.5,1276.300049,1283.25,1277.280396,257332
10/25/2018,1270,1299,1226.300049,1284.050049,1278.076782,606946
10/26/2018,1283,1320,1242,1295.099976,1289.075195,354640
10/29/2018,1300.150024,1328.349976,1287.449951,1317.400024,1311.271484,202408
10/30/2018,1325.150024,1355,1315,1340.25,1334.015259,277397
10/31/2018,1345,1386.599976,1317.050049,1362.349976,1356.012329,450156
11/1/2018,1364,1391,1363,1368.849976,1362.482178,183291
11/2/2018,1380,1405.300049,1375,1394.400024,1387.91333,296858
11/5/2018,1394.349976,1436,1388.150024,1421.150024,1414.538818,433388
11/6/2018,1434,1440.800049,1397.900024,1404.800049,1398.264893,295720
11/7/2018,1405,1422.949951,1405,1417.449951,1410.856079,60482
11/9/2018,1405,1450.650024,1355.550049,1446.75,1440.019775,801317
11/12/2018,1428.199951,1437.349976,1380,1387.25,1380.796631,422237
11/13/2018,1391,1413.5,1390.650024,1397.150024,1390.650635,313670
11/14/2018,1418.949951,1434.900024,1404,1419.699951,1413.095459,274468
11/15/2018,1385,1432.849976,1385,1410.150024,1403.590088,209393
11/16/2018,1418.699951,1439.5,1403.5,1417,1410.408203,256676
11/19/2018,1412.150024,1448,1412.150024,1433.900024,1427.229614,244046
11/20/2018,1430.050049,1455,1393.25,1403.900024,1397.369141,564365
11/21/2018,1415.150024,1423,1386.349976,1418,1411.403564,221645
11/22/2018,1410.099976,1432.5,1404.599976,1415.75,1409.164063,144868
11/26/2018,1422,1442,1416,1436.5,1429.817505,178600
11/27/2018,1436,1449,1428,1442,1435.291992,268005
11/28/2018,1455.949951,1468,1442.150024,1461.900024,1455.099487,329496
11/29/2018,1493.25,1493.25,1442,1452.449951,1445.693115,537882
11/30/2018,1459.900024,1468.699951,1428,1436,1429.319702,500122
12/3/2018,1450,1526.5,1441.050049,1522,1514.9198,985913
12/4/2018,1520.050049,1530.75,1480.5,1487.199951,1480.281494,564614
12/5/2018,1485,1504.449951,1466.599976,1478.449951,1471.572266,285054
12/6/2018,1470.5,1511,1458.25,1490.849976,1483.914551,317178
12/7/2018,1500.150024,1514.75,1471.75,1485.599976,1478.689087,275697
12/10/2018,1475,1492.849976,1460.949951,1477.099976,1470.228516,177397
12/11/2018,1474.349976,1509,1461,1500.25,1493.270874,274310
12/12/2018,1515,1550.849976,1506,1544.400024,1537.215454,387699
12/13/2018,1560,1572,1528.699951,1535.099976,1527.95874,421937
12/14/2018,1530,1560,1520.199951,1557.400024,1550.155151,276450
12/17/2018,1555,1580,1542.349976,1562,1554.733643,422094
12/18/2018,1555,1563,1529.449951,1555.5,1548.263794,133852
12/19/2018,1563.699951,1569.900024,1543.099976,1554.599976,1547.368042,275529
12/20/2018,1550.099976,1592.949951,1524.400024,1573.199951,1565.881592,521387
12/21/2018,1580,1595,1533.099976,1564.5,1557.222046,684626
12/24/2018,1588,1609.900024,1536.099976,1543.699951,1536.518677,900014
12/26/2018,1538,1554.699951,1513.849976,1548.699951,1541.495361,261487
12/27/2018,1554.900024,1590,1535.099976,1583.650024,1576.283081,338985
12/28/2018,1590,1600.800049,1575.349976,1585.099976,1577.726074,386565
12/31/2018,1590,1611.699951,1586.650024,1604.550049,1597.085693,485188
1/1/2019,1600.099976,1604.550049,1579.150024,1594.599976,1587.182007,154865
1/2/2019,1585.349976,1604.900024,1577.050049,1587.550049,1580.164795,237215
1/3/2019,1590,1611.5,1518,1530.699951,1523.579224,613132
1/4/2019,1535.5,1576.949951,1501.099976,1573.199951,1565.881592,764568
1/7/2019,1583,1597.5,1575.449951,1583.150024,1575.785278,283601
1/8/2019,1583.150024,1610,1576.25,1604.650024,1597.185181,280240
1/9/2019,1602,1633.25,1601.599976,1612.699951,1605.197632,632162
1/10/2019,1613,1644.800049,1605,1636.25,1628.638184,553487
1/11/2019,1642,1648,1635,1644.949951,1637.297729,404115
1/14/2019,1640.099976,1644.650024,1626.150024,1637.050049,1629.43457,235984
1/15/2019,1641.900024,1665,1641.25,1660.550049,1652.825317,314783
1/16/2019,1660.550049,1660.900024,1640,1646.650024,1638.989868,200576
1/17/2019,1646,1655,1624.900024,1634.099976,1626.498169,224438
1/18/2019,1631.5,1636.900024,1611.150024,1621.050049,1613.508911,216452
1/21/2019,1615.099976,1630,1609.099976,1614.900024,1607.387573,168269
1/22/2019,1613,1617.25,1590.099976,1598.650024,1591.213135,313939
1/23/2019,1601,1614.849976,1591.199951,1607.199951,1599.723389,307882
1/24/2019,1616,1634.5,1577,1600.400024,1592.955078,1643831
1/25/2019,1622.75,1622.75,1554.349976,1561.800049,1554.534668,451491
1/28/2019,1569.800049,1584.900024,1540,1577.199951,1569.862915,264800
1/29/2019,1578,1614.900024,1571.099976,1607.650024,1600.171265,243283
1/30/2019,1604,1614.099976,1594,1599.949951,1592.50708,196820
1/31/2019,1597.699951,1614,1581.5,1605.349976,1597.881958,175903
2/1/2019,1605.949951,1645,1558.199951,1569.599976,1562.29834,858713
2/4/2019,1570,1597.75,1547.400024,1577.150024,1569.81311,228250
2/5/2019,1580,1607.949951,1572.150024,1596.949951,1589.520996,176760
2/6/2019,1595.550049,1620,1583,1593.5,1586.087158,137375
2/7/2019,1590.099976,1598.099976,1561,1565.25,1557.968628,218322
2/8/2019,1561.300049,1561.300049,1501.099976,1510.099976,1503.074951,431064
2/11/2019,1510.199951,1520.449951,1452.599976,1494.949951,1487.995483,353463
2/12/2019,1500,1514.849976,1446.900024,1454.900024,1448.131958,252452
2/14/2019,1478,1510.599976,1432,1489.5,1482.570923,344831
2/15/2019,1476.699951,1502.949951,1449.449951,1494,1487.049927,363190
2/18/2019,1497,1500,1435,1443.400024,1436.685425,222317
2/19/2019,1431.300049,1507.800049,1431.300049,1490.75,1483.815063,575492
2/20/2019,1495.5,1519,1464,1472.5,1465.649902,594897
2/21/2019,1472.900024,1494,1472.099976,1482.25,1475.354614,200369
2/22/2019,1482.949951,1504.849976,1465.5,1491.900024,1484.959839,276039
2/25/2019,1489.900024,1504.800049,1485.099976,1491.650024,1484.710938,163023
2/26/2019,1472.300049,1517.449951,1465.699951,1509,1501.980225,349990
2/27/2019,1508.900024,1545,1497.150024,1507.699951,1500.686279,573206
2/28/2019,1511,1522,1486,1502.599976,1495.609985,242425
3/1/2019,1510.599976,1524.849976,1487,1491.199951,1484.262939,174204
3/5/2019,1498.300049,1555,1484.400024,1523.5,1516.41272,269972
3/6/2019,1534.949951,1539.050049,1511,1526.300049,1519.199829,213881
3/7/2019,1521,1528.650024,1510.349976,1519.550049,1512.481201,130947
3/8/2019,1522,1554.550049,1522,1542.400024,1535.224854,478283
3/11/2019,1542.400024,1559.800049,1535,1542.650024,1535.473633,237783
3/12/2019,1542.650024,1636.199951,1542.25,1632.550049,1624.955566,748504
3/13/2019,1632.5,1657.949951,1600.550049,1620.699951,1613.160522,649563
3/14/2019,1635,1645,1617.300049,1634.800049,1627.194946,289790
3/15/2019,1640,1659,1623.099976,1631.099976,1623.512085,328664
3/18/2019,1649,1700.800049,1637,1691.300049,1683.432129,1053030
3/19/2019,1702,1708.699951,1682.449951,1695.400024,1687.513184,486289
3/20/2019,1688,1693.400024,1622.099976,1628.449951,1620.87439,585179
3/22/2019,1634.400024,1665,1601.199951,1615.400024,1607.885254,651430
3/25/2019,1605.599976,1614.25,1580,1583.800049,1576.432251,312885
3/26/2019,1572,1596,1551,1564.050049,1556.77417,489584
3/27/2019,1582,1624,1565,1606,1598.529053,738814
3/28/2019,1616,1665,1610,1642.849976,1635.207397,705354
4/1/2019,1664.949951,1679.75,1644.099976,1650.599976,1642.921387,230689
4/2/2019,1664,1668.949951,1637.550049,1656.75,1649.042847,332978
4/3/2019,1656,1662,1635.650024,1640.349976,1632.719116,193714
4/4/2019,1640.5,1664,1620.599976,1657.900024,1650.1875,384609
4/5/2019,1670,1682.050049,1655.550049,1678.199951,1670.392944,281610
4/8/2019,1678,1699,1669.699951,1681.900024,1674.075806,348832
4/9/2019,1681.400024,1687,1655,1680.25,1672.433472,255249
4/10/2019,1680,1720.650024,1670,1694.650024,1686.766602,410044
4/11/2019,1698.900024,1733,1683.599976,1718.550049,1710.55542,797009
4/12/2019,1718.550049,1720,1690.75,1696.449951,1688.558228,408161
4/15/2019,1696.5,1717.650024,1694,1699.449951,1691.544189,282151
4/16/2019,1700.099976,1739.949951,1695.300049,1716.849976,1708.863281,450635
4/18/2019,1719.699951,1728.300049,1660.150024,1710.050049,1702.094849,628687
4/22/2019,1708.900024,1708.900024,1670.099976,1694.050049,1686.169312,272916
4/23/2019,1700,1716.949951,1664.75,1670.550049,1662.778687,306991
4/24/2019,1679.900024,1718.199951,1674.949951,1711.699951,1703.737305,354233
4/25/2019,1719.599976,1728.800049,1703,1715.099976,1707.121338,418738
4/26/2019,1728.849976,1729.900024,1705,1718.349976,1710.356323,307866
4/30/2019,1701.75,1780,1696.650024,1769.449951,1761.218628,1094199
5/2/2019,1769,1813,1755.050049,1805,1796.603149,947912
5/3/2019,1807,1815.050049,1793.400024,1808.099976,1799.688721,493618
5/6/2019,1771.849976,1823.949951,1771.849976,1802.300049,1793.915894,840671
5/7/2019,1795,1802.150024,1772.449951,1780.099976,1771.81897,298337
5/8/2019,1775.099976,1777.449951,1742,1748.5,1740.366089,369364
5/9/2019,1750,1769.25,1740,1758.449951,1750.269775,341158
5/10/2019,1772,1776,1696.699951,1715.400024,1707.420166,792063
5/13/2019,1724,1749.5,1706.25,1724,1715.97998,432503
5/14/2019,1711.099976,1738.400024,1689.099976,1726.900024,1718.866577,350304
5/15/2019,1732.699951,1750,1707.199951,1717,1709.012573,316426
5/16/2019,1724,1755.949951,1711,1739.5,1731.407837,234169
5/17/2019,1737.800049,1800,1732.949951,1796.650024,1788.292114,424482
5/20/2019,1829.949951,1829.949951,1781.099976,1806,1797.598511,297888
5/21/2019,1800,1825,1783.150024,1812.050049,1803.620483,225456
5/22/2019,1812,1814.800049,1750,1756.150024,1747.980469,304986
5/23/2019,1766,1785.5,1745.599976,1766.849976,1758.630615,211213
5/24/2019,1783.800049,1783.800049,1698.849976,1708.400024,1700.452637,501063
5/27/2019,1717,1740.449951,1700.099976,1706.550049,1698.611206,219696
5/28/2019,1713.050049,1744.599976,1703.25,1713.349976,1705.379639,284078
5/29/2019,1724.949951,1724.949951,1693.150024,1712.449951,1704.483643,293434
5/30/2019,1714.800049,1786,1703.099976,1774.849976,1766.593506,484083
5/31/2019,1763,1793.449951,1753.400024,1782.650024,1774.357178,417704
6/3/2019,1786.699951,1794.75,1760.099976,1787.050049,1778.736694,227520
6/4/2019,1771,1807.699951,1765.099976,1777.050049,1768.783203,411703
6/6/2019,1780,1790.800049,1708.199951,1730.550049,1722.499634,387699
6/7/2019,1747.699951,1759.550049,1725.900024,1754.099976,1745.940063,362813
6/10/2019,1762,1777,1736.650024,1764,1755.793945,256427
6/11/2019,1765,1765,1720.400024,1736.900024,1728.820068,195164
6/12/2019,1735.550049,1740,1711.349976,1722.300049,1714.287842,170519
6/13/2019,1710.5,1730,1704.050049,1724.75,1716.726563,201022
6/14/2019,1728.5,1732.550049,1707,1710.699951,1702.741821,134698
6/17/2019,1714,1714.949951,1619,1629.400024,1621.820068,642378
6/18/2019,1626,1676.150024,1588.349976,1651.400024,1643.717773,680865
6/19/2019,1654,1688.400024,1625.5,1639.150024,1631.52478,305373
6/20/2019,1644.949951,1645.800049,1600.5,1640.599976,1632.968018,233606
6/21/2019,1643,1643,1600,1604.650024,1597.185181,359317
6/24/2019,1604.449951,1608.900024,1565,1601.550049,1594.099731,281342
6/25/2019,1601,1633.099976,1582.050049,1624.150024,1616.594482,333803
6/26/2019,1625,1640.599976,1615.25,1634.25,1626.647583,212491
6/27/2019,1628.300049,1645.099976,1624.25,1636.699951,1629.08606,207063
6/28/2019,1640,1679,1630.099976,1674.75,1666.959229,311414
7/1/2019,1682,1702.449951,1653,1693.050049,1685.174072,271695
7/2/2019,1682,1689.949951,1664.550049,1680.5,1672.682373,199280
7/3/2019,1685,1699,1673.800049,1689.75,1681.889282,186753
7/4/2019,1684.849976,1706,1681.599976,1691.849976,1683.979614,307358
7/5/2019,1690.650024,1715.699951,1654.550049,1676.650024,1668.850342,244854
7/8/2019,1656,1688.550049,1605.699951,1618.599976,1611.070435,290327
7/9/2019,1610.25,1669,1610.099976,1659.599976,1651.879517,354760
7/10/2019,1666.900024,1713,1656,1700.5,1692.589233,539360
7/11/2019,1700,1741.550049,1681.599976,1730.650024,1722.599121,478764
7/12/2019,1727,1759.949951,1706.150024,1747.5,1739.370605,495678
7/15/2019,1747.599976,1749.849976,1711.5,1726.199951,1718.1698,177359
7/16/2019,1717.150024,1735,1705.099976,1727.349976,1721.272705,174907
7/17/2019,1730,1784,1721.099976,1752.449951,1748.308594,576944
7/18/2019,1750,1772.75,1740.650024,1748.099976,1743.968872,224993
7/19/2019,1748,1748.150024,1708.900024,1735.550049,1731.448608,296179
7/22/2019,1736.800049,1755,1700,1743.599976,1739.479492,268996
7/23/2019,1752,1804,1750,1783.800049,1779.584595,455742
7/24/2019,1778,1819,1764.300049,1805.650024,1801.382935,470199
7/25/2019,1779.949951,1800.849976,1744,1786.5,1782.278076,643600
7/26/2019,1700,1762,1662.199951,1708.400024,1704.362671,2464506
7/29/2019,1720.400024,1721.449951,1650,1665.449951,1661.51416,348419
7/30/2019,1656.900024,1656.900024,1566.5,1575.449951,1571.726807,607677
7/31/2019,1569.699951,1570,1506.099976,1517.300049,1513.714355,771332
8/1/2019,1504,1528,1468,1491,1487.47644,818955
8/2/2019,1474.699951,1510.449951,1456,1468.75,1465.279053,633553
8/5/2019,1457,1472.449951,1425.650024,1433.050049,1429.663452,448468
8/6/2019,1431.650024,1485.550049,1413.550049,1463.199951,1459.742065,1454243
8/7/2019,1470.900024,1495,1462.800049,1470.349976,1466.875244,384752
8/8/2019,1469.800049,1509.150024,1449.550049,1497.550049,1494.010986,368814
8/9/2019,1518.400024,1522.699951,1460.050049,1466.25,1462.784912,480691
8/13/2019,1422.599976,1451.949951,1345.25,1404.300049,1400.981445,1420850
8/14/2019,1405,1441.699951,1389,1432.800049,1429.414063,650897
8/16/2019,1433.099976,1435.550049,1365.199951,1383.199951,1379.931152,799944
8/19/2019,1390,1464,1390,1442.099976,1438.692017,810599
8/20/2019,1440.050049,1462,1425,1448.5,1445.076904,804889
8/21/2019,1446.900024,1476,1432.75,1466.099976,1462.635254,747991
8/22/2019,1468.099976,1482.900024,1444.300049,1453.550049,1450.11499,651364
8/23/2019,1449,1510,1437.400024,1491.349976,1487.825562,416243
8/26/2019,1491.5,1564.900024,1483.849976,1559.300049,1555.615112,643597
8/27/2019,1560,1583,1545.050049,1565.900024,1562.199463,486488
8/28/2019,1557.099976,1593.900024,1544.5,1580.150024,1576.415771,402898
8/29/2019,1574.599976,1580.150024,1525.25,1537.75,1534.115967,577563
8/30/2019,1534,1547.699951,1504.800049,1528.349976,1524.738159,480892
9/3/2019,1520,1539,1488,1497.25,1493.71167,344925
9/4/2019,1490.099976,1497.199951,1458.400024,1487.25,1483.735352,380878
9/5/2019,1485,1507.949951,1476.050049,1492.300049,1488.773438,217489
9/6/2019,1510,1577,1509.900024,1568.650024,1564.942993,769963
9/9/2019,1567,1578.449951,1553.5,1565.599976,1561.900146,294013
9/11/2019,1565.550049,1606,1544.650024,1588.300049,1584.546631,422809
9/12/2019,1580,1627,1580,1586.599976,1582.850464,509815
9/13/2019,1575.099976,1596.699951,1558.800049,1584.25,1580.506104,269802
9/16/2019,1570.150024,1606.099976,1562.050049,1586.150024,1582.401611,298605
9/17/2019,1581.25,1617.449951,1570.550049,1578.449951,1574.719727,459272
9/18/2019,1588.300049,1611.800049,1581.199951,1598.25,1594.473022,367922
9/19/2019,1595,1604.849976,1565.400024,1575.199951,1571.477417,227747
9/20/2019,1579,1803.150024,1565.199951,1726.400024,1722.32019,664572
9/23/2019,1729.800049,1850,1720.5,1830.699951,1826.373657,767743
9/24/2019,1839,1892,1790,1857.349976,1852.960693,861319
9/25/2019,1839.050049,1897.349976,1810,1847.699951,1843.333496,400280
9/26/2019,1845.900024,1898,1834.599976,1884.300049,1879.847046,614555
9/27/2019,1865.5,1897.699951,1855,1864.949951,1860.542725,376555
9/30/2019,1859.949951,1872,1834,1843.199951,1838.844116,307253
10/1/2019,1854.699951,1854.699951,1780.400024,1826.75,1822.432983,586992
10/3/2019,1827.099976,1839.199951,1803.449951,1833.900024,1829.566162,326448
10/4/2019,1842,1843,1764.150024,1772.550049,1768.361206,407671
10/7/2019,1774.949951,1800,1746.300049,1792,1787.765137,195560
10/9/2019,1790.099976,1816,1782.550049,1800.449951,1796.195068,268262
10/10/2019,1800.449951,1810,1765,1776.650024,1772.451416,248852
10/11/2019,1778,1820,1778,1793.300049,1789.062134,378494
10/14/2019,1802.800049,1805,1783.300049,1799.400024,1795.147705,315065
10/15/2019,1799.699951,1835.849976,1790.050049,1818.75,1814.451904,331901
10/16/2019,1828,1838,1811.800049,1821.300049,1816.995972,315200
10/17/2019,1834.650024,1856.949951,1806,1840.900024,1836.549561,1912435
10/18/2019,1843.400024,1847,1815.599976,1827.550049,1823.231201,693796
10/22/2019,1829,1857.300049,1783,1801.800049,1797.541992,381460
10/23/2019,1785,1785,1748.199951,1772,1767.812378,386883
10/24/2019,1795,1858.150024,1790.449951,1799.800049,1795.546753,638596
10/25/2019,1802,1809.900024,1772,1782.599976,1778.387329,265479
10/29/2019,1765,1806.900024,1755,1790.300049,1786.069214,350251
10/30/2019,1780,1804.099976,1762.150024,1799.25,1794.998047,515251
10/31/2019,1808.849976,1825,1773.25,1777,1772.800537,314231
11/1/2019,1788.050049,1809.849976,1775,1781.5,1777.289917,233031
11/4/2019,1792.550049,1792.550049,1726.800049,1740.650024,1736.536499,415234
11/5/2019,1741,1769.900024,1695,1763.25,1759.08313,897297
11/6/2019,1771,1777,1750,1753.800049,1749.655518,240731
11/7/2019,1769.449951,1769.449951,1746.400024,1758.349976,1754.19458,132772
11/8/2019,1743.650024,1784.75,1743.650024,1759.5,1755.341919,215429
11/11/2019,1759.5,1783,1748.849976,1777,1772.800537,180158
11/13/2019,1771.699951,1771.699951,1728,1735,1730.89978,313684
11/14/2019,1731.550049,1752.699951,1717.699951,1750.050049,1745.914307,217172
11/15/2019,1760,1769,1730,1739.5,1735.38916,182799
11/18/2019,1735.599976,1750.199951,1711.099976,1734.199951,1730.101685,158580
11/19/2019,1740,1773.5,1734.900024,1741.599976,1737.484253,211073
11/20/2019,1750,1774.300049,1730.300049,1769.099976,1764.919189,192777
11/21/2019,1778.349976,1810,1762.5,1797,1792.753296,569621
11/22/2019,1797.550049,1825,1777.900024,1786.550049,1782.328125,680602
11/25/2019,1786.300049,1801.900024,1782,1789.949951,1785.719971,173782
11/26/2019,1797.849976,1797.849976,1748.699951,1755.050049,1750.902466,250832
11/27/2019,1755.050049,1776,1752.199951,1773.150024,1768.959717,196058
11/28/2019,1773.050049,1792,1758.800049,1788.949951,1784.72229,163825
11/29/2019,1789.400024,1829,1775.25,1811.5,1807.218994,1507968
12/2/2019,1814.800049,1837.300049,1800.75,1811.5,1807.218994,652717
12/3/2019,1818,1827.849976,1796.050049,1804.25,1799.986206,318948
12/4/2019,1805,1814,1768.449951,1784.949951,1780.731689,263848
12/5/2019,1784.949951,1808,1770.349976,1802.050049,1797.791382,298840
12/6/2019,1805.75,1814.349976,1711,1754.400024,1750.254028,411710
12/9/2019,1754.599976,1764.050049,1713.800049,1737.150024,1733.0448,304112
12/10/2019,1737.150024,1758.199951,1727.800049,1751.800049,1747.660156,498361
12/11/2019,1740,1750.949951,1723,1736.300049,1732.196777,266037
12/12/2019,1736.050049,1742,1724,1731.900024,1727.807129,159618
12/13/2019,1736.199951,1762,1736.199951,1752.199951,1748.059204,225603
12/16/2019,1753.199951,1776.800049,1752.599976,1758.650024,1754.494019,228366
12/17/2019,1758.650024,1800.449951,1750,1793.599976,1789.361328,329346
12/18/2019,1795,1830.949951,1793.349976,1823.449951,1819.140747,541397
12/19/2019,1823.650024,1851,1794,1837.400024,1833.057861,487332
12/20/2019,1830,1847.550049,1820.099976,1832.800049,1828.46875,383072
12/23/2019,1821.650024,1839.800049,1812.300049,1826.650024,1822.333252,227337
12/24/2019,1829.699951,1837.849976,1801.699951,1808.800049,1804.525513,170704
12/26/2019,1808.949951,1832,1808.949951,1821.400024,1817.095703,283034
12/27/2019,1832.75,1889.699951,1821.199951,1883.599976,1879.148682,992075
12/30/2019,1883.599976,1924,1883,1903.5,1899.001587,992074
12/31/2019,1900.800049,1914.900024,1890,1898.400024,1893.913696,411200
1/1/2020,1907,1910.25,1881.099976,1900,1895.509888,297304
1/2/2020,1900,1913.949951,1871.25,1879.349976,1874.908691,668647
1/3/2020,1875,1884.849976,1862.699951,1875.150024,1870.718628,253822
1/6/2020,1875,1887.449951,1850.099976,1857,1852.611572,213477
1/7/2020,1859,1888.949951,1855.699951,1867.150024,1862.737549,312508
1/8/2020,1860,1868.650024,1833.800049,1863.599976,1859.195923,255105
1/9/2020,1875,1910.050049,1871.25,1901.550049,1897.056274,409561
1/10/2020,1913.400024,1916.75,1894,1905.699951,1901.196411,329620
1/13/2020,1907,1921.800049,1873.099976,1883.650024,1879.198608,317739
1/14/2020,1870,1906,1866.150024,1892.650024,1888.177246,349578
1/15/2020,1890,1935.949951,1878.75,1930.199951,1925.63855,488653
1/16/2020,1930.949951,1946.550049,1906.800049,1914.699951,1910.175171,383453
1/17/2020,1910,1922.599976,1867.300049,1913.150024,1908.628906,215016
1/20/2020,1915.150024,1939,1906.150024,1920.5,1915.961426,294659
1/21/2020,1923,1959,1920.349976,1937.650024,1933.070923,679631
1/22/2020,1947,1947,1906,1918.300049,1913.766724,235536
1/23/2020,1909,1953,1887,1899.900024,1895.410156,1699593
1/24/2020,1892.099976,1974.199951,1875,1959.25,1954.619873,959326
1/27/2020,1950.800049,1987.900024,1950.599976,1963.199951,1958.560547,410958
1/28/2020,1964.699951,1970,1920.099976,1933.050049,1928.481812,267628
1/29/2020,1941,1965,1934,1958.550049,1953.921631,160807
1/30/2020,1958.550049,1994.099976,1941.099976,1973.050049,1968.387329,381582
1/31/2020,1978,1987.150024,1940.699951,1956.849976,1952.225586,227199
2/3/2020,1912.949951,1992.800049,1910.150024,1985.5,1980.807861,258940
2/4/2020,1985,2008,1974.050049,1997.150024,1992.430298,269052
2/5/2020,1994,2058.800049,1987.150024,2053.350098,2048.497559,457729
2/6/2020,2051,2067.100098,2034,2052.350098,2047.5,223098
2/7/2020,2042.349976,2076.649902,2042.349976,2056.399902,2051.540283,339942
2/10/2020,2003,2069.449951,2003,2047.050049,2042.212402,190836
2/11/2020,2054.800049,2058.199951,2022.550049,2043.650024,2038.820435,217218
2/12/2020,2044.099976,2079,2033.650024,2064.949951,2060.070068,283572
2/13/2020,2068.699951,2077.550049,2036.400024,2072.050049,2067.15332,196633
2/14/2020,2082,2095.899902,2064.399902,2075.800049,2070.894531,326606
2/17/2020,2076,2098,2067.5,2089.75,2084.811523,187703
2/18/2020,2098.649902,2098.649902,2051.899902,2086.5,2081.569092,140563
2/19/2020,2088.149902,2119.300049,2087.449951,2112.800049,2107.807129,310296
2/20/2020,2112,2121.399902,2061,2071.149902,2066.255371,241237
2/24/2020,2071.800049,2073.899902,2028.800049,2045.349976,2040.516357,196646
2/25/2020,2045.349976,2125,2023.5,2033.800049,2028.993774,189507
2/26/2020,2025,2040,1993.699951,2015.599976,2010.83667,289698
2/27/2020,1997,2009.75,1932.5,1972.449951,1967.788696,905212
2/28/2020,1919.900024,1939,1828,1907.400024,1902.892456,935799
3/2/2020,1940,1962.400024,1652.300049,1724.199951,1720.125366,1087385
3/3/2020,1740,1818,1692.400024,1736.75,1732.645752,2468152
3/4/2020,1745.050049,1761.199951,1602.599976,1662.050049,1658.122314,2276021
3/5/2020,1690,1752.150024,1638,1706.550049,1706.550049,1872271
3/6/2020,1595.25,1662.650024,1595,1631.199951,1631.199951,871129
3/9/2020,1595,1599.349976,1531.300049,1557.199951,1557.199951,1122362
3/11/2020,1545,1548.599976,1465.050049,1530.949951,1530.949951,1254568
3/12/2020,1425.150024,1445.150024,1336.099976,1355.349976,1355.349976,1405502
3/13/2020,1219.849976,1336.949951,1155.650024,1306.25,1306.25,1659207
3/16/2020,1175.650024,1499,1045.050049,1339.099976,1339.099976,4075633
3/17/2020,1251,1370,1160.300049,1308.349976,1308.349976,2887417
3/18/2020,1250,1318.050049,1140,1162,1162,1839432
3/19/2020,1050,1242,1048.550049,1197.650024,1197.650024,1766694
3/20/2020,1170,1377,1161.900024,1310.25,1310.25,1451950
3/23/2020,1179.25,1298.449951,1153.349976,1214.099976,1214.099976,1706827
3/24/2020,1200,1410.699951,1125,1367.599976,1367.599976,1750445
3/25/2020,1343,1380,1258.050049,1322.650024,1322.650024,1234077
3/26/2020,1340,1449.650024,1256.050049,1273.400024,1273.400024,1152290
3/27/2020,1276,1368.099976,1232.699951,1257.199951,1257.199951,936685
3/30/2020,1244,1270,1162,1186.900024,1186.900024,528650
3/31/2020,1198.900024,1234,1165.099976,1183.800049,1183.800049,531062
4/1/2020,1193,1193,1040,1054,1054,1560143
4/3/2020,1055,1069.949951,952,1007,1007,1587580
4/7/2020,1032,1049.949951,932,1003.5,1003.5,1855756
4/8/2020,960.5,1057.650024,953,1001.5,1001.5,2058853
4/9/2020,1005,1099,982.400024,1048,1048,2018037
4/13/2020,1020,1025,985,1004.900024,1004.900024,1514380
4/15/2020,975.099976,1105.349976,975,1077.949951,1077.949951,2267758
4/16/2020,1037,1185.699951,1030,1165.800049,1165.800049,2230727
4/17/2020,1185.849976,1262.050049,1185.849976,1227.199951,1227.199951,2215796
4/20/2020,1230,1230,1105,1123.199951,1123.199951,1895751
4/21/2020,1081,1087.849976,1006,1028.800049,1028.800049,1893673
4/22/2020,1010.700012,1020,980,992.150024,992.150024,1584495
4/23/2020,1003,1017,970,972.849976,972.849976,1714302
4/24/2020,973,989.400024,950,954.599976,954.599976,1458234
4/27/2020,974,985,923.75,964,964,2645621
4/28/2020,966.900024,984,956,980.549988,980.549988,945980
4/29/2020,980,1039,958.450012,1009.299988,1009.299988,2324984
4/30/2020,1030,1059.949951,1000.549988,1012.849976,1012.849976,1643657
5/4/2020,974,977.950012,944,959.549988,959.549988,1535897
5/5/2020,960,965,905,913.450012,913.450012,2768818
5/6/2020,901,938,867.349976,895.299988,895.299988,2146161
5/7/2020,880,937,872.299988,912.049988,912.049988,3062321
5/8/2020,919.799988,928.900024,889,893.900024,893.900024,1229881
5/11/2020,899.5,920,893.349976,902.599976,902.599976,932673
5/12/2020,895,914.950012,875.25,909.150024,909.150024,1227844
5/13/2020,927,931.650024,886,921.200012,921.200012,2421740
5/14/2020,910,914,885,887.599976,887.599976,1025739
5/15/2020,890,890,835.200012,853.25,853.25,3689106
5/18/2020,830.099976,839.900024,735,745.849976,745.849976,5611252
5/19/2020,749,820.400024,718.299988,804.450012,804.450012,8059299
5/20/2020,786.599976,875,774,855.650024,855.650024,6574025
5/21/2020,846,892,835.700012,879.599976,879.599976,4346964
5/22/2020,869.950012,890,840.25,849.75,849.75,3053282
5/26/2020,855.099976,868.950012,841,851.450012,851.450012,1480679
5/27/2020,847,874,818.599976,861.25,861.25,3028131
5/28/2020,864,892,862,884.049988,884.049988,1908756
5/29/2020,869,909.599976,862.200012,901.900024,901.900024,1824451
6/1/2020,905.299988,986,905.299988,961.299988,961.299988,4398005
6/2/2020,980,980,953.200012,971.299988,971.299988,1999376
6/3/2020,980,1046.25,979.049988,1002.900024,1002.900024,3885255
6/4/2020,990,1090,985.950012,1069.150024,1069.150024,3813030
6/5/2020,1085.050049,1282.949951,1085,1242.199951,1242.199951,9756105
6/8/2020,1300,1303,1130,1161.150024,1161.150024,9977962
6/9/2020,1115,1161.150024,1064.300049,1087.449951,1087.449951,7779316
6/10/2020,1070,1074.949951,988,1004.5,1004.5,8182275
6/11/2020,975,1078.050049,940,1055.050049,1055.050049,10912269
6/12/2020,972.200012,1052.5,972.200012,1029.849976,1029.849976,4489231
6/15/2020,1025,1050,999,1010.599976,1010.599976,2891857
6/16/2020,1040,1048,975,989.75,989.75,2856339
6/17/2020,988.799988,1011.700012,975,1000.400024,1000.400024,2930557
6/18/2020,993.950012,1028.400024,988.700012,1006.299988,1006.299988,1328584
6/19/2020,1008,1028.349976,1008,1016.700012,1016.700012,1301638
6/22/2020,1024,1059.900024,1014.200012,1044.949951,1044.949951,2319229
6/23/2020,1060,1082,1036.25,1065.300049,1065.300049,1925681
6/24/2020,1079.150024,1123.099976,1038.650024,1056.25,1056.25,3129808
6/25/2020,1030,1070.25,1028,1062.849976,1062.849976,1763745
6/26/2020,1050.670044,1062.060059,995.684021,1008.150024,1008.150024,2275169
6/29/2020,996.666016,1017.289978,978.107971,1005.359985,1005.359985,1716670
6/30/2020,975.064026,996.666016,974.08197,983.606995,983.606995,2378574
7/1/2020,981.937012,988.810974,967.405029,983.656006,983.656006,1652735
7/2/2020,991.757019,1008.890015,985.914001,996.911987,996.911987,946802
7/3/2020,1004.52002,1017.969971,997.844971,1014.049988,1014.049988,1044755
7/6/2020,1018.27002,1028.089966,1007.52002,1024.949951,1024.949951,1089940
7/7/2020,1027.109985,1064.420044,1013.359985,1053.130005,1053.130005,2067371
7/8/2020,1055.390015,1063.72998,1036.930054,1041.199951,1041.199951,1230176
7/9/2020,1060.5,1067.449951,1038.050049,1042.650024,1042.650024,769946
7/10/2020,1023.900024,1054,1023.400024,1047.099976,1047.099976,1046670
7/13/2020,1051,1063.199951,1041.650024,1051.650024,1051.650024,613298
7/14/2020,1040,1045,1002.349976,1026.800049,1026.800049,1345930
7/15/2020,1043,1058.949951,1032,1045.800049,1045.800049,838226
7/16/2020,1045,1056,1019,1046.800049,1046.800049,752418
7/17/2020,1045,1049,1027.75,1037.150024,1037.150024,754609
7/20/2020,1038,1064.25,1031,1034.099976,1034.099976,945411
7/21/2020,1041.300049,1050,1021.099976,1040.150024,1040.150024,967204
7/22/2020,1040.699951,1117.849976,1021.099976,1108.050049,1108.050049,4090876
7/23/2020,1100,1146.349976,1095,1108.650024,1108.650024,2616347
7/24/2020,1086.199951,1113,1070,1102.949951,1102.949951,1912110
7/27/2020,1129.800049,1172,1113.599976,1129.300049,1129.300049,4766349
7/28/2020,1133,1151,1099.449951,1127.599976,1127.599976,1763731
7/29/2020,1137,1165.699951,1125.550049,1136.699951,1136.699951,2148983
7/30/2020,1024,1105.949951,1024,1083.25,1083.25,3176300
7/31/2020,1080,1095,1060.699951,1084.550049,1084.550049,955388
8/3/2020,1082,1102.5,1072.199951,1088.550049,1088.550049,787373
8/4/2020,1089,1102,1065,1095.150024,1095.150024,1062211
8/5/2020,1100,1152,1091.400024,1139.449951,1139.449951,1913339
8/6/2020,1139.449951,1145,1121.400024,1128.5,1128.5,896681
8/7/2020,1128.5,1136.900024,1120,1127.849976,1127.849976,498773
8/10/2020,1133.400024,1144,1116.550049,1126.349976,1126.349976,519611
8/11/2020,1135,1138,1118.449951,1122.400024,1122.400024,633983
8/12/2020,1126.650024,1228.650024,1110.5,1195.25,1195.25,5427406
8/13/2020,1200,1269.849976,1195.25,1254.349976,1254.349976,4113522
8/14/2020,1260,1288.349976,1216.699951,1243.050049,1243.050049,2924976
8/17/2020,1247.5,1272,1220.300049,1234.5,1234.5,1476354
8/18/2020,1240,1272,1217.5,1259.849976,1259.849976,2127823
8/19/2020,1280,1346.300049,1266.199951,1333.099976,1333.099976,4488465
8/20/2020,1325,1366.699951,1295.849976,1347.449951,1347.449951,3180092
8/21/2020,1360.050049,1374.150024,1301.099976,1309.650024,1309.650024,3310130
8/24/2020,1325,1334.849976,1305,1314.150024,1314.150024,1674960
8/25/2020,1305,1329.599976,1290,1322.150024,1322.150024,1863375
8/26/2020,1322,1344.25,1315.099976,1322.650024,1322.650024,1484412
8/27/2020,1331.400024,1356,1325,1335.699951,1335.699951,1447184
8/28/2020,1346,1469.25,1340.900024,1445.550049,1445.550049,4303461
8/31/2020,1359,1399,1301,1311.550049,1311.550049,4092006
9/1/2020,1321.550049,1438.699951,1315.050049,1402.650024,1402.650024,4000669
9/2/2020,1390,1407.400024,1363.400024,1402.300049,1402.300049,1909180
9/3/2020,1390,1429,1376.050049,1388.050049,1388.050049,1907341
9/4/2020,1365,1444.5,1350,1386.849976,1386.849976,3559820
9/7/2020,1400,1406.800049,1341.199951,1354.199951,1354.199951,1972594
9/8/2020,1355,1358.849976,1266.599976,1277.849976,1277.849976,2600105
9/9/2020,1273,1321.449951,1256.199951,1295.75,1295.75,4461297
9/10/2020,1313.25,1323.900024,1273.699951,1292.099976,1292.099976,1433491
9/11/2020,1293.849976,1293.849976,1240.699951,1254.800049,1254.800049,2611132
9/14/2020,1265,1320,1261.400024,1309.599976,1309.599976,2958975
9/15/2020,1300,1329,1257.849976,1264.75,1264.75,4279623
9/16/2020,1272,1284.900024,1236.25,1248.25,1248.25,2141418
9/17/2020,1252,1263,1213.800049,1222.300049,1222.300049,2477259
9/18/2020,1233.400024,1242,1200,1203.900024,1203.900024,2224324
9/21/2020,1205,1212,1103.699951,1115.800049,1115.800049,3066064
9/22/2020,1116,1140.199951,1051.849976,1127.150024,1127.150024,3993881
9/23/2020,1135,1143.199951,1093.050049,1116.400024,1116.400024,2039813
9/24/2020,1091,1101.800049,1055,1061.699951,1061.699951,1505072
9/25/2020,1062,1112.199951,1055.599976,1100.949951,1100.949951,2194901
9/28/2020,1163.349976,1249,1145,1233.650024,1233.650024,8515311
9/29/2020,1240,1251.849976,1182.050049,1198,1198,3328807
9/30/2020,1205,1249,1190.5,1213.199951,1213.199951,3717827
10/1/2020,1334.5,1395.150024,1282.349976,1300.5,1300.5,11077431
10/5/2020,1318,1346.800049,1266,1274.050049,1274.050049,4546015
10/6/2020,1280,1299,1245.050049,1273.400024,1273.400024,2373350
10/7/2020,1278,1286.949951,1248,1263.5,1263.5,1424254
10/8/2020,1276.699951,1284.800049,1248.150024,1255.050049,1255.050049,1556486
10/9/2020,1265,1277,1256,1268.400024,1268.400024,1310031
